# topic|question Japanese|question Bengali|answer Japanese|answer Bengali|usage note Bengali
শুরু ও পরিচয়|お名前を教えてください。|আপনার নাম বলুন।|【নাম】と申します。よろしくお願いします。|আমার নাম 【নাম】। আপনার সহযোগিতা কামনা করছি।|নাম পাসপোর্ট ও CV-এর সঙ্গে মিলিয়ে বলুন।
শুরু ও পরিচয়|自己紹介をお願いします。|নিজের পরিচয় দিন।|【নাম】と申します。バングラデシュから来ました。今、【স্কুল】で日本語を勉強しています。よろしくお願いします。|আমার নাম 【নাম】। বাংলাদেশ থেকে এসেছি। এখন 【স্কুল】-এ জাপানি পড়ছি। আপনার সহযোগিতা কামনা করছি।|৩০–৪৫ সেকেন্ডে নাম, বর্তমান অবস্থা এবং আগ্রহ বলুন।
শুরু ও পরিচয়|どちらから来ましたか。|আপনি কোন দেশ থেকে এসেছেন?|バングラデシュから来ました。|বাংলাদেশ থেকে এসেছি।|নিজের দেশ অনুযায়ী বদলান।
শুরু ও পরিচয়|今、何をしていますか。|এখন কী করছেন?|日本語学校の学生です。毎日、日本語を勉強しています。|আমি জাপানি ভাষা স্কুলের শিক্ষার্থী। প্রতিদিন জাপানি পড়ি।|শিক্ষার্থী না হলে নিজের বর্তমান অবস্থা বলুন।
শুরু ও পরিচয়|日本に来て、どのくらいですか。|জাপানে এসেছেন কত দিন হলো?|日本に来て、【সময়】になります。|জাপানে এসেছি 【সময়】 হলো।|মাস: か月, বছর: 年। আসল সময় বসান।
শুরু ও পরিচয়|今、どこに住んでいますか。|এখন কোথায় থাকেন?|【এলাকা】に住んでいます。|【এলাকা】-তে থাকি।|প্রথম উত্তরে এলাকার নামই যথেষ্ট; ঠিকানা চাইলে বিস্তারিত দিন।
শুরু ও পরিচয়|連絡先を教えてください。|আপনার যোগাযোগের তথ্য দিন।|電話番号は【নম্বর】です。メールアドレスは履歴書に書いてあります。|ফোন নম্বর 【নম্বর】। ইমেইল ঠিকানা CV-তে লেখা আছে।|ধীরে ধীরে নম্বর বলুন।
শুরু ও পরিচয়|履歴書を持ってきましたか。|CV সঙ্গে এনেছেন?|はい、こちらが履歴書です。よろしくお願いします。|জি, এই যে আমার CV। আপনার সহযোগিতা কামনা করছি।|কাগজ সোজা করে দুই হাতে দিন।
শুরু ও পরিচয়|今日はどうやって来ましたか。|আজ কীভাবে এসেছেন?|電車で来ました。駅からここまで歩きました。|ট্রেনে এসেছি। স্টেশন থেকে এখানে হেঁটে এসেছি।|বাস বা সাইকেল হলে সেই তথ্য বলুন।
শুরু ও পরিচয়|道はわかりましたか。|রাস্তা চিনতে পেরেছিলেন?|はい、地図を見て来ました。迷わずに来られました。|জি, মানচিত্র দেখে এসেছি। পথ না হারিয়ে আসতে পেরেছি।|হারিয়ে গেলে সত্যি বলুন: 少し迷いました。
কেন এই কাজ|なぜ、この仕事に応募しましたか。|এই চাকরিতে কেন আবেদন করেছেন?|人と話すことが好きです。接客を学びたいと思って応募しました。|মানুষের সঙ্গে কথা বলতে ভালো লাগে। গ্রাহকসেবা শিখতে চাই বলে আবেদন করেছি।|আসল আগ্রহের সঙ্গে চাকরির কাজ মিলিয়ে বলুন।
কেন এই কাজ|なぜ、うちの店を選びましたか。|আমাদের দোকান কেন বেছে নিয়েছেন?|家から通いやすく、店の雰囲気がよかったからです。ここで長く働きたいです。|বাসা থেকে আসা সহজ এবং দোকানের পরিবেশ ভালো লেগেছে। এখানে দীর্ঘদিন কাজ করতে চাই।|আগে দোকান দেখে এলে নির্দিষ্ট একটি ভালো দিক বলুন।
কেন এই কাজ|この店に来たことがありますか。|এই দোকানে আগে এসেছেন?|はい、買い物に来たことがあります。店員さんが親切でした。|জি, কেনাকাটা করতে এসেছি। কর্মীরা আন্তরিক ছিলেন।|আগে না এলে: いいえ、今日が初めてです。
কেন এই কাজ|この仕事について何を知っていますか。|এই কাজ সম্পর্কে কী জানেন?|接客、レジ、品出し、掃除の仕事があると知っています。|গ্রাহকসেবা, ক্যাশ কাউন্টার, পণ্য সাজানো ও পরিষ্কারের কাজ আছে বলে জানি।|রেস্তোরাঁ হলে খাবার পরিবেশন ও রান্নাঘরের কাজ উল্লেখ করুন।
কেন এই কাজ|どんな仕事をしたいですか。|কী ধরনের কাজ করতে চান?|まず基本の仕事を覚えたいです。慣れたら、レジも担当したいです。|আগে মূল কাজগুলো শিখতে চাই। অভ্যস্ত হলে ক্যাশ কাউন্টারও করতে চাই।|যে কাজ করতে পারেন তা বলুন; না জানা কাজ শিখতে আগ্রহ দেখান।
কেন এই কাজ|働く目的は何ですか。|কাজ করার উদ্দেশ্য কী?|生活費の一部を自分で払いたいです。仕事の経験も積みたいです。|জীবনযাত্রার খরচের কিছু অংশ নিজে দিতে চাই। কাজের অভিজ্ঞতাও নিতে চাই।|শিক্ষার্থী হলে পড়াশোনাই মূল কাজ—সময়সূচিতে তা দেখান।
কেন এই কাজ|この仕事で何を学びたいですか。|এই কাজে কী শিখতে চান?|丁寧な接客と、チームで働くことを学びたいです。|ভদ্রভাবে গ্রাহকসেবা এবং দলগতভাবে কাজ করা শিখতে চাই।|শুধু জাপানি শেখার কথা না বলে কাজের দক্ষতাও বলুন।
কেন এই কাজ|求人はどこで見ましたか。|চাকরির বিজ্ঞাপন কোথায় দেখেছেন?|【সাইট】で求人を見ました。仕事内容を読んで応募しました。|【সাইট】-এ চাকরির বিজ্ঞাপন দেখেছি। কাজের বিবরণ পড়ে আবেদন করেছি।|সাইট, দোকানের পোস্টার বা পরিচিত ব্যক্তির নাম অনুযায়ী বদলান।
কেন এই কাজ|どのくらい長く働けますか。|কত দিন কাজ করতে পারবেন?|学校の予定を確認した上で、【সময়】くらい働きたいです。|স্কুলের সময়সূচি মিলিয়ে প্রায় 【সময়】 কাজ করতে চাই।|নিশ্চিত না হলে কয়েক বছর থাকার প্রতিশ্রুতি দেবেন না।
কেন এই কাজ|ほかの店にも応募していますか。|অন্য দোকানেও আবেদন করেছেন?|はい、ほかの店にも応募しています。こちらの仕事にも関心があります。|জি, অন্য দোকানেও আবেদন করেছি। এই কাজেও আগ্রহ আছে।|না করলে: いいえ、今はこちらだけです。
দিন ও শিফট|週に何日働けますか。|সপ্তাহে কয় দিন কাজ করতে পারবেন?|週に【দিনসংখ্যা】日働けます。学校の予定に合わせて相談したいです。|সপ্তাহে 【দিনসংখ্যা】 দিন কাজ করতে পারব। স্কুলের সময়সূচির সঙ্গে মিলিয়ে আলোচনা করতে চাই।|নিজের বাস্তব শিফট লিখে প্রস্তুত থাকুন।
দিন ও শিফট|何曜日に働けますか。|সপ্তাহের কোন দিনগুলো কাজ করতে পারবেন?|【দিনগুলো】に働けます。【অন্যদিন】は授業があります。|【দিনগুলো】-তে কাজ করতে পারব। 【অন্যদিন】-এ ক্লাস আছে।|月曜日 সোম, 火 মঙ্গলবার, 水 বুধবার, 木 বৃহস্পতিবার, 金 শুক্রবার, 土 শনিবার, 日 রবিবার।
দিন ও শিফট|何時から何時まで働けますか。|কয়টা থেকে কয়টা কাজ করতে পারবেন?|【শুরুসময়】から【শেষসময়】まで働けます。|【শুরুসময়】 থেকে 【শেষসময়】 পর্যন্ত কাজ করতে পারব।|সন্ধ্যা ও রাত গুলিয়ে ফেলবেন না; প্রয়োজনে ২৪ ঘণ্টার সময় বলুন।
দিন ও শিফট|一日に何時間働けますか。|এক দিনে কত ঘণ্টা কাজ করতে পারবেন?|授業がある日は【ঘণ্টা】時間くらい働けます。|ক্লাসের দিনে প্রায় 【ঘণ্টা】 ঘণ্টা কাজ করতে পারব।|যাতায়াত ও বিশ্রামের সময়ও ধরুন।
দিন ও শিফট|いつから働けますか。|কবে থেকে কাজ শুরু করতে পারবেন?|【তারিখ】から働けます。|【তারিখ】 থেকে কাজ করতে পারব।|তারিখ নিশ্চিত না হলে: 学校の予定を確認して、お伝えします。
দিন ও শিফট|土曜日と日曜日は働けますか。|শনিবার ও রবিবার কাজ করতে পারবেন?|土曜日は働けます。日曜日は【সময়】までなら働けます。|শনিবার কাজ করতে পারব। রবিবার 【সময়】 পর্যন্ত হলে কাজ করতে পারব।|দুই দিনই না পারলে বিনয়ের সঙ্গে আসল সময় বলুন।
দিন ও শিফট|祝日は働けますか。|সরকারি ছুটির দিনে কাজ করতে পারবেন?|予定がない祝日は働けます。早めにシフトを相談したいです。|আগে থেকে অন্য কাজ না থাকলে সরকারি ছুটিতে কাজ করতে পারব। শিফট আগেই আলোচনা করতে চাই।|সব ছুটিতে নিশ্চিত না হলে একসঙ্গে হ্যাঁ বলবেন না।
দিন ও শিফট|朝のシフトに入れますか。|সকালের শিফটে কাজ করতে পারবেন?|【দিন】なら、朝のシフトに入れます。|【দিন】-এ হলে সকালের শিফটে কাজ করতে পারব।|ক্লাস শুরু হওয়ার সময় মিলিয়ে নিন।
দিন ও শিফট|夜のシフトに入れますか。|রাতের শিফটে কাজ করতে পারবেন?|【সময়】までなら働けます。終電に間に合う時間に帰りたいです。|【সময়】 পর্যন্ত কাজ করতে পারব। শেষ ট্রেন ধরার মতো সময়ে ফিরতে চাই।|শেষ ট্রেন, বয়স ও নিজের কাজের অনুমতির শর্ত মিলিয়ে নিন।
দিন ও শিফট|急にシフトが変わっても大丈夫ですか。|হঠাৎ শিফট বদলালে সমস্যা হবে?|授業に影響がない場合は、できるだけ協力します。まず相談してください。|ক্লাসে প্রভাব না পড়লে যতটা সম্ভব সহযোগিতা করব। আগে আমার সঙ্গে আলোচনা করুন।|সব পরিবর্তনে সম্মতি না দিয়ে সীমা স্পষ্ট করুন।
দিন ও শিফট|忙しい日は長く働けますか。|ব্যস্ত দিনে বেশি সময় কাজ করতে পারবেন?|学校の予定と、働ける時間の上限を確認してから、お返事します。|স্কুলের সময়সূচি ও কাজের সময়ের সীমা দেখে উত্তর দেব।|অনুমোদিত সীমা অতিক্রম করে ওভারটাইমের প্রতিশ্রুতি নয়।
দিন ও শিফট|試験の時はどうしますか。|পরীক্ষার সময়ে কী করবেন?|試験の日程が決まったら、早めにお伝えします。シフトを相談したいです。|পরীক্ষার তারিখ ঠিক হলে আগেই জানাব। শিফট নিয়ে আলোচনা করতে চাই।|সপ্তাহের শিফট ঠিক হওয়ার আগেই জানান।
দিন ও শিফট|夏休みは働けますか。|গ্রীষ্মের ছুটিতে কাজ করতে পারবেন?|学校の正式な休みと、許可の条件を確認してから、シフトを相談します。|স্কুলের আনুষ্ঠানিক ছুটি ও অনুমতির শর্ত দেখে শিফট নিয়ে আলোচনা করব।|শিক্ষার্থীর দীর্ঘ স্কুল ছুটির নিয়ম অফিসিয়াল উৎসে দেখুন।
দিন ও শিফট|毎週同じシフトがいいですか。|প্রতি সপ্তাহে একই শিফট চান?|できれば、授業に合わせた固定のシフトを希望します。|সম্ভব হলে ক্লাসের সঙ্গে মিলিয়ে নির্দিষ্ট শিফট চাই।|柔軟に相談できます বলুন শুধু সত্যি হলে।
যাতায়াত|店までどのくらいかかりますか。|দোকানে আসতে কত সময় লাগে?|家から電車で【মিনিট】分くらいかかります。|বাসা থেকে ট্রেনে প্রায় 【মিনিট】 মিনিট লাগে।|দরজা থেকে দোকান পর্যন্ত মোট সময় ধরুন।
যাতায়াত|どうやって通いますか。|কীভাবে কাজে যাতায়াত করবেন?|電車と徒歩で通います。|ট্রেনে ও হেঁটে যাতায়াত করব।|自転車 সাইকেল, バス বাস।
যাতায়াত|最寄り駅はどこですか。|আপনার কাছের স্টেশন কোনটি?|最寄り駅は【স্টেশন】駅です。|আমার কাছের স্টেশন 【স্টেশন】।|স্টেশনের নাম সঠিকভাবে বলার অনুশীলন করুন।
যাতায়াত|交通費はどのくらいですか。|যাতায়াতের খরচ কত?|往復で【ইয়েন】円くらいです。交通費の支給について確認してもよろしいですか。|যাওয়া-আসা মিলিয়ে প্রায় 【ইয়েন】 ইয়েন। যাতায়াত খরচ দেওয়া হয় কি না জানতে পারি?|একপথ ও যাওয়া-আসা আলাদা করুন।
যাতায়াত|終電は何時ですか。|শেষ ট্রেন কয়টায়?|終電は【সময়】です。【সময়】までに店を出る必要があります。|শেষ ট্রেন 【সময়】-এ। 【সময়】-এর মধ্যে দোকান থেকে বের হতে হবে।|শেষ ট্রেনের তথ্য নিজে যাচাই করুন।
যাতায়াত|雨の日も通えますか。|বৃষ্টির দিনেও আসতে পারবেন?|はい、雨の日は早めに家を出ます。交通が止まったら、すぐ連絡します。|জি, বৃষ্টির দিনে আগে বাসা থেকে বের হব। যানবাহন বন্ধ হলে সঙ্গে সঙ্গে জানাব।|নিরাপত্তা দেখে সিদ্ধান্ত নিন।
যাতায়াত|引っ越す予定はありますか。|বাসা বদলানোর পরিকল্পনা আছে?|今のところ、引っ越す予定はありません。変更があればお伝えします。|এখন বাসা বদলানোর পরিকল্পনা নেই। পরিবর্তন হলে জানাব।|পরিকল্পনা থাকলে নতুন এলাকা ও সময় বলুন।
ভাষা ও অভিজ্ঞতা|日本語はどのくらい話せますか。|কতটা জাপানি বলতে পারেন?|簡単な会話はできます。難しい言葉は確認しながら覚えています。|সহজ কথোপকথন করতে পারি। কঠিন শব্দ জিজ্ঞেস করে শিখছি।|নিজের ক্ষমতা বাড়িয়ে বলবেন না।
ভাষা ও অভিজ্ঞতা|日本語の試験を受けましたか。|জাপানি ভাষার পরীক্ষা দিয়েছেন?|【পরীক্ষা】を受けました。結果は【ফলাফল】です。|【পরীক্ষা】 দিয়েছি। ফলাফল 【ফলাফল】।|পরীক্ষা না দিলে তা স্পষ্ট বলুন।
ভাষা ও অভিজ্ঞতা|漢字は読めますか。|কানজি পড়তে পারেন?|簡単な漢字は読めます。店で使う漢字も勉強したいです。|সহজ কানজি পড়তে পারি। দোকানে ব্যবহৃত কানজিও শিখতে চাই।|দাম, নাম, নির্দেশনা পড়ার বাস্তব দক্ষতা বলুন।
ভাষা ও অভিজ্ঞতা|わからない日本語があったら、どうしますか。|জাপানি বুঝতে না পারলে কী করবেন?|わかったふりをせず、もう一度聞きます。メモを取って覚えます。|বুঝেছি এমন ভান করব না; আবার জিজ্ঞেস করব। লিখে রেখে শিখব।|নিরাপত্তা বা টাকা-পয়সার নির্দেশে অবশ্যই নিশ্চিত হন।
ভাষা ও অভিজ্ঞতা|アルバイトの経験はありますか。|পার্ট-টাইম কাজের অভিজ্ঞতা আছে?|まだありません。でも、メモを取りながら、仕事を一つずつ覚えます。|এখনো নেই। তবে নোট নিয়ে একে একে কাজ শিখব।|অভিজ্ঞতা থাকলে জায়গা, সময় ও কাজের ধরন যোগ করুন।
ভাষা ও অভিজ্ঞতা|前はどんな仕事をしていましたか。|আগে কী কাজ করতেন?|【জায়গা】で【কাজ】をしていました。主に【দায়িত্ব】を担当しました。|【জায়গা】-তে 【কাজ】 করতাম। মূলত 【দায়িত্ব】 সামলাতাম।|অভিজ্ঞতা না থাকলে আগের প্রশ্নের উত্তর ব্যবহার করুন।
ভাষা ও অভিজ্ঞতা|前の仕事を辞めた理由は何ですか。|আগের কাজ ছাড়ার কারণ কী?|学校の時間割が変わり、シフトが合わなくなったためです。|স্কুলের সময়সূচি বদলে যাওয়ায় শিফট আর মিলছিল না।|নিজের আসল কারণ বলুন; নমুনাটি সবার কারণ নয়।
ভাষা ও অভিজ্ঞতা|レジを使ったことがありますか。|ক্যাশ কাউন্টার ব্যবহার করেছেন?|まだありません。教えていただければ、手順を確認して練習します。|এখনো করিনি। শেখালে ধাপগুলো নিশ্চিত করে অনুশীলন করব।|টাকার দায়িত্ব নেওয়ার আগে প্রশিক্ষণ চাইতে পারেন।
ভাষা ও অভিজ্ঞতা|パソコンは使えますか。|কম্পিউটার ব্যবহার করতে পারেন?|文字入力と、簡単な操作はできます。|টাইপ করা ও সহজ কাজ করতে পারি।|যা পারেন সেই সফটওয়্যার বা কাজ উল্লেখ করুন।
ভাষা ও অভিজ্ঞতা|英語は話せますか。|ইংরেজি বলতে পারেন?|簡単な英語で、お客様をご案内できます。|সহজ ইংরেজিতে গ্রাহককে তথ্য দিতে পারি।|দক্ষতা অনুযায়ী উত্তর বদলান।
ভাষা ও অভিজ্ঞতা|料理の経験はありますか。|রান্নার অভিজ্ঞতা আছে?|家で料理をします。店の作り方は、教えていただきながら覚えたいです。|বাসায় রান্না করি। দোকানের পদ্ধতি শেখানো হলে শিখতে চাই।|বাসার রান্না ও পেশাদার রান্নার অভিজ্ঞতা আলাদা করে বলুন।
ভাষা ও অভিজ্ঞতা|初めての仕事でも大丈夫ですか。|নতুন ধরনের কাজ হলেও পারবেন?|はい、まず説明をよく聞きます。わからないことは、すぐ確認します。|জি, আগে ভালোভাবে ব্যাখ্যা শুনব। যা বুঝব না তা সঙ্গে সঙ্গে জিজ্ঞেস করব।|সব জানেন দাবি না করে শেখার পদ্ধতি বলুন।
নিজের গুণ ও দল|長所は何ですか。|আপনার ভালো গুণ কী?|時間を守ることです。約束の時間より少し早く着くようにしています。|সময় মেনে চলা আমার ভালো গুণ। নির্ধারিত সময়ের একটু আগে পৌঁছানোর চেষ্টা করি।|একটি ছোট বাস্তব উদাহরণ দিন।
নিজের গুণ ও দল|短所は何ですか。|আপনার দুর্বলতা কী?|初めての場所では緊張します。準備して、少しずつ慣れるようにしています。|নতুন জায়গায় নার্ভাস হই। প্রস্তুতি নিয়ে ধীরে ধীরে অভ্যস্ত হওয়ার চেষ্টা করি।|দুর্বলতা এবং উন্নতির চেষ্টা একসঙ্গে বলুন।
নিজের গুণ ও দল|チームで働けますか。|দলগতভাবে কাজ করতে পারবেন?|はい、報告と相談を大切にします。忙しい人がいたら、できることを手伝います。|জি, কাজের খবর দেওয়া ও আলোচনা গুরুত্ব দিই। কেউ ব্যস্ত হলে যা পারি সাহায্য করব।|নিজের দায়িত্ব না ছেড়ে প্রয়োজনমতো সাহায্য করুন।
নিজের গুণ ও দল|忙しい時はどうしますか。|খুব ব্যস্ত সময়ে কী করবেন?|落ち着いて、優先する仕事を確認します。一人で難しい時は、応援をお願いします。|শান্ত থেকে কোন কাজ আগে করতে হবে তা নিশ্চিত করব। একা কঠিন হলে সাহায্য চাইব।|গতি বাড়ালেও নিরাপত্তা ও হিসাব ভুল নয়।
নিজের গুণ ও দল|体力に自信がありますか。|শারীরিকভাবে কাজ করার সক্ষমতা আছে?|立って働くことはできます。重い物の扱い方は、先に確認したいです。|দাঁড়িয়ে কাজ করতে পারি। ভারী জিনিস কীভাবে ধরতে হয় তা আগে জানতে চাই।|নিজের স্বাস্থ্যগত সীমা থাকলে প্রাসঙ্গিকভাবে জানান।
নিজের গুণ ও দল|注意されたら、どうしますか。|কাজে ভুল ধরিয়ে দিলে কী করবেন?|内容をよく聞いて、直します。同じ間違いをしないようにメモを取ります。|কথা ভালোভাবে শুনে ঠিক করব। একই ভুল না করতে নোট নেব।|বোঝা না গেলে আবার ব্যাখ্যা চাইতে পারেন।
নিজের গুণ ও দল|仕事を覚えるために何をしますか。|কাজ শেখার জন্য কী করবেন?|手順をメモして、確認しながら練習します。仕事の後に復習します。|ধাপগুলো লিখে নিশ্চিত হয়ে অনুশীলন করব। কাজের পরে আবার পড়ব।|ব্যক্তিগত গ্রাহকের তথ্য নিজের নোটে লিখবেন না।
নিজের গুণ ও দল|接客で大切なことは何ですか。|গ্রাহকসেবায় কী গুরুত্বপূর্ণ?|あいさつと、丁寧に話すことです。お客様の話を最後まで聞きます。|শুভেচ্ছা জানানো ও ভদ্রভাবে কথা বলা গুরুত্বপূর্ণ। গ্রাহকের কথা শেষ পর্যন্ত শুনব।|হাসিমুখ, স্পষ্ট কথা ও সঠিক তথ্য দিন।
নিজের গুণ ও দল|一人で判断できない時は、どうしますか。|একা সিদ্ধান্ত নিতে না পারলে কী করবেন?|勝手に決めず、店長や先輩に確認します。|নিজে ইচ্ছেমতো সিদ্ধান্ত নেব না; ম্যানেজার বা সিনিয়রকে জিজ্ঞেস করব।|ফেরত, ছাড়, নিরাপত্তা ও অনুমতির বিষয়ে এটি কাজে লাগে।
নিজের গুণ ও দল|約束したシフトは守れますか。|নির্ধারিত শিফট মেনে চলতে পারবেন?|はい、予定を確認してからシフトを決めます。変更が必要な時は早めに相談します。|জি, সময়সূচি মিলিয়ে শিফট ঠিক করব। পরিবর্তন দরকার হলে আগেই আলোচনা করব।|হঠাৎ অনুপস্থিত হওয়ার বদলে যোগাযোগ করুন।
অনুমতি ও কাজের সীমা|在留資格は何ですか。|আপনার জাপানে থাকার স্ট্যাটাস কী?|在留資格は【স্ট্যাটাস】です。在留カードで確認していただけます。|আমার স্ট্যাটাস 【স্ট্যাটাস】। রেসিডেন্স কার্ড দেখে নিশ্চিত হতে পারেন।|留学 বলতে শিক্ষার্থী স্ট্যাটাস; নিজের কার্ড অনুযায়ী বলুন।
অনুমতি ও কাজের সীমা|資格外活動の許可はありますか。|মূল স্ট্যাটাসের বাইরে কাজের অনুমতি আছে?|はい、許可を受けています。在留カードの裏面をご確認ください。|জি, অনুমতি পেয়েছি। রেসিডেন্স কার্ডের পেছনের অংশ দেখুন।|অনুমতি না থাকলে এই উত্তর নয়: まだありません。 অনুমতি পাওয়ার আগে কাজ শুরু নয়।
অনুমতি ও কাজের সীমা|在留期間はいつまでですか。|জাপানে থাকার অনুমতির মেয়াদ কবে পর্যন্ত?|在留期間は【তারিখ】までです。カードに書いてあります。|থাকার অনুমতির মেয়াদ 【তারিখ】 পর্যন্ত। কার্ডে লেখা আছে।|পাসপোর্টের মেয়াদ ও রেসিডেন্স কার্ডের মেয়াদ আলাদা।
অনুমতি ও কাজের সীমা|ほかにアルバイトをしていますか。|অন্য কোথাও পার্ট-টাইম কাজ করেন?|はい、【জায়গা】で週に【ঘণ্টা】時間働いています。合計の時間を確認してシフトを相談します。|জি, 【জায়গা】-তে সপ্তাহে 【ঘণ্টা】 ঘণ্টা কাজ করি। মোট সময় দেখে শিফট নিয়ে আলোচনা করব।|কাজ না করলে: いいえ、今はしていません。
অনুমতি ও কাজের সীমা|学生は週に何時間働けますか。|শিক্ষার্থী হিসেবে সপ্তাহে কত ঘণ্টা কাজ করতে পারেন?|許可の条件を守ります。通常は、ほかの仕事も合わせて週二十八時間以内です。|অনুমতির শর্ত মানব। সাধারণ সময়ে অন্য সব কাজ মিলিয়ে সপ্তাহে ২৮ ঘণ্টার মধ্যে।|যোগ্য শিক্ষার্থী ও প্রযোজ্য অনুমতির সাধারণ নিয়ম; ব্যক্তিগত শর্ত অফিসিয়াল উৎসে দেখুন।
অনুমতি ও কাজের সীমা|在留カードを見せてもらえますか。|রেসিডেন্স কার্ড দেখাতে পারবেন?|はい、こちらです。資格外活動の許可もご確認ください。|জি, এই যে। কাজের অনুমতির অংশটিও দেখুন।|নিয়োগকর্তাকে যাচাই করতে দেখান; আসল কার্ড নিজের কাছে রাখুন।
অনুমতি ও কাজের সীমা|学校の授業は何時までですか。|স্কুলের ক্লাস কয়টা পর্যন্ত?|授業は【সময়】までです。授業の後、【সময়】から働けます。|ক্লাস 【সময়】 পর্যন্ত। ক্লাসের পরে 【সময়】 থেকে কাজ করতে পারব।|খাবার ও যাতায়াতের সময় রেখে শিফট বলুন।
অনুমতি ও কাজের সীমা|勉強と仕事を両立できますか。|পড়াশোনা ও কাজ একসঙ্গে সামলাতে পারবেন?|はい、授業と勉強の時間を先に確保して、働く時間を決めます。|জি, আগে ক্লাস ও পড়ার সময় রাখব, তারপর কাজের সময় ঠিক করব।|শুধু হ্যাঁ নয়; বাস্তব পরিকল্পনা বলুন।
কনভিনির কাজ|品出しはできますか。|পণ্য তাকেতে সাজাতে পারবেন?|はい、商品の場所と並べ方を確認してから、品出しをします。|জি, পণ্যের জায়গা ও সাজানোর পদ্ধতি জেনে তাকেতে রাখব।|পণ্যের মেয়াদ ও নিরাপদ বহনের নিয়ম শিখুন।
কনভিনির কাজ|商品の場所がわからない時はどうしますか。|পণ্য কোথায় আছে না জানলে কী করবেন?|お客様に少しお待ちいただき、先輩に確認します。|গ্রাহককে একটু অপেক্ষা করতে বলব এবং সিনিয়রকে জিজ্ঞেস করব।|ভুল জায়গা দেখিয়ে দেবেন না।
কনভিনির কাজ|商品の値段がわからない時はどうしますか。|পণ্যের দাম না জানলে কী করবেন?|レジや価格表示で確認します。わからなければ、店長に聞きます。|ক্যাশ সিস্টেম বা মূল্যলেবেল দেখে নিশ্চিত হব। না বুঝলে ম্যানেজারকে জিজ্ঞেস করব।|অনুমান করে দাম বলবেন না।
কনভিনির কাজ|お金を間違えて受け取ったらどうしますか。|টাকা নেওয়ার হিসাবে ভুল হলে কী করবেন?|すぐに責任者に報告します。確認して、店の手順に従って対応します。|সঙ্গে সঙ্গে দায়িত্বপ্রাপ্ত ব্যক্তিকে জানাব। যাচাই করে দোকানের নিয়ম অনুযায়ী ব্যবস্থা নেব।|নিজে গোপনে হিসাব ঠিক করার চেষ্টা নয়।
কনভিনির কাজ|お客様が返品したいと言ったらどうしますか。|গ্রাহক পণ্য ফেরত দিতে চাইলে কী করবেন?|レシートと商品を確認して、店の返品のルールを責任者に確認します。|রসিদ ও পণ্য দেখে দায়িত্বপ্রাপ্ত ব্যক্তির কাছে দোকানের ফেরত দেওয়ার নিয়ম নিশ্চিত করব।|সব দোকানের ফেরত নীতি এক নয়।
কনভিনির কাজ|年齢確認が必要な商品はどうしますか。|বয়স যাচাই দরকার এমন পণ্য কীভাবে বিক্রি করবেন?|店の手順に従って年齢を確認します。判断できない時は責任者を呼びます。|দোকানের নিয়মে বয়স যাচাই করব। সিদ্ধান্ত নিতে না পারলে দায়িত্বপ্রাপ্ত ব্যক্তিকে ডাকব।|নিয়ম না জেনে বিক্রির প্রতিশ্রুতি নয়।
কনভিনির কাজ|期限が切れた商品を見つけたらどうしますか。|মেয়াদ পেরোনো পণ্য দেখলে কী করবেন?|売り場から分けて、すぐ責任者に報告します。処理の方法を確認します。|বিক্রির তাক থেকে আলাদা করে সঙ্গে সঙ্গে দায়িত্বপ্রাপ্ত ব্যক্তিকে জানাব। পরের ধাপ জেনে নেব।|নিজে খাওয়া, দেওয়া বা ফেলানোর আগে দোকানের নিয়ম মানুন।
কনভিনির কাজ|掃除はできますか。|পরিষ্কারের কাজ করতে পারবেন?|はい、掃除の手順と、道具の使い方を確認してから行います。|জি, পরিষ্কারের ধাপ ও সরঞ্জাম ব্যবহারের নিয়ম জেনে কাজ করব।|রাসায়নিক দ্রব্য মেশাবেন না; নির্দেশনা নিন।
কনভিনির কাজ|店が混んだらどうしますか。|দোকানে ভিড় হলে কী করবেন?|お客様を順番にご案内します。必要なら、ほかのスタッフに応援をお願いします。|গ্রাহকদের ক্রম অনুযায়ী সেবা দেব। দরকার হলে অন্য কর্মীদের সাহায্য চাইব।|শান্তভাবে অপেক্ষার কথা জানান।
কনভিনির কাজ|お客様にあいさつしてください。|গ্রাহককে স্বাগত জানান।|いらっしゃいませ。何かお探しですか。|স্বাগতম। আপনি কি কিছু খুঁজছেন?|প্রথম বাক্যটি দোকানে প্রবেশের সময় বলার অনুশীলন।
রেস্তোরাঁর কাজ|ホールとキッチン、どちらを希望しますか。|সার্ভিস নাকি রান্নাঘর—কোনটি চান?|ホールを希望しますが、仕事内容を聞いて相談したいです。|গ্রাহকসেবার কাজ চাই, তবে কাজের বিবরণ শুনে আলোচনা করতে চাই।|キッチン চাইলে উত্তর বদলান।
রেস্তোরাঁর কাজ|注文を間違えたらどうしますか。|অর্ডার ভুল হলে কী করবেন?|すぐに責任者に報告して、お客様にお詫びします。正しい注文を確認します。|সঙ্গে সঙ্গে দায়িত্বপ্রাপ্ত ব্যক্তিকে জানিয়ে গ্রাহকের কাছে দুঃখ প্রকাশ করব। সঠিক অর্ডার নিশ্চিত করব।|আবার খাবার তৈরির আগে অনুমোদিত ধাপ অনুসরণ করুন।
রেস্তোরাঁর কাজ|アレルギーについて聞かれたらどうしますか。|খাবারের অ্যালার্জি সম্পর্কে জানতে চাইলে কী করবেন?|自分の判断で答えず、責任者に確認します。正確な情報をお伝えします。|নিজে অনুমান করে উত্তর দেব না; দায়িত্বপ্রাপ্ত ব্যক্তিকে জিজ্ঞেস করব। সঠিক তথ্য জানাব।|উপাদান ও সংস্পর্শের ঝুঁকি দুটোই গুরুত্বপূর্ণ।
রেস্তোরাঁর কাজ|熱い料理を運ぶ時は何に気をつけますか。|গরম খাবার নেওয়ার সময় কী খেয়াল করবেন?|周りを確認して、熱いことをお伝えします。無理にたくさん運びません。|চারপাশ দেখব এবং খাবার গরম বলে জানাব। একসঙ্গে অতিরিক্ত বহন করব না।|পিছনে কেউ থাকলে জানান।
রেস্তোরাঁর কাজ|洗い物はできますか。|বাসন ধুতে পারবেন?|はい、洗い方と、食器の置き方を教えていただきたいです。|জি, ধোয়ার পদ্ধতি ও বাসন রাখার নিয়ম শিখতে চাই।|ভাঙা কাচ বা ধারালো ছুরির ক্ষেত্রে নিরাপত্তা আগে।
রেস্তোরাঁর কাজ|衛生のために何をしますか。|স্বাস্থ্যবিধির জন্য কী করবেন?|手をよく洗います。清潔な服を着て、店の衛生のルールを守ります。|ভালোভাবে হাত ধোব। পরিষ্কার পোশাক পরব এবং দোকানের স্বাস্থ্যবিধি মানব।|জ্বর বা অসুস্থতা হলে আগেই জানান।
রেস্তোরাঁর কাজ|食べられない物はありますか。|যে খাবার খেতে পারেন না এমন কিছু আছে?|【খাবার】は食べられません。試食が必要な仕事について、先に相談したいです。|【খাবার】 খেতে পারি না। স্বাদ নেওয়া প্রয়োজন এমন কাজ নিয়ে আগে আলোচনা করতে চাই।|খাওয়া ও খাবার ধরার সীমা আলাদা হলে পরিষ্কার বলুন।
রেস্তোরাঁর কাজ|豚肉を扱う仕事はできますか。|শূকরের মাংস নিয়ে কাজ করতে পারবেন?|豚肉を扱う仕事はできません。ほかの仕事について相談したいです。|শূকরের মাংস নিয়ে কাজ করতে পারব না। অন্য কাজ নিয়ে আলোচনা করতে চাই।|এটি করতে না পারলে বলার নমুনা। করতে পারলে নিজের সীমা অনুযায়ী উত্তর দিন।
রেস্তোরাঁর কাজ|包丁を使ったことがありますか。|রান্নার ছুরি ব্যবহার করেছেন?|家では使っています。仕事では安全な使い方を教えていただきたいです。|বাসায় ব্যবহার করি। কাজে নিরাপদ ব্যবহারের নিয়ম শিখতে চাই।|অভিজ্ঞতা না থাকলে সত্যি বলুন।
রেস্তোরাঁর কাজ|席にご案内してください。|গ্রাহককে বসার জায়গা দেখান।|こちらの席へどうぞ。メニューをお持ちします。|এই আসনে বসুন। মেনু নিয়ে আসছি।|স্বাভাবিক ভদ্র স্বরে বলুন।
সমস্যা সামলানো|遅刻しそうな時はどうしますか。|দেরি হওয়ার আশঙ্কা হলে কী করবেন?|わかった時点ですぐ電話します。理由と、到着できる時間をお伝えします。|বোঝার সঙ্গে সঙ্গে ফোন করব। কারণ ও পৌঁছানোর সম্ভাব্য সময় জানাব।|শিফট শুরু হওয়ার পরে নয়, যত আগে সম্ভব জানান।
সমস্যা সামলানো|体調が悪い時はどうしますか。|শরীর খারাপ হলে কী করবেন?|早めに店に連絡して、症状をお伝えします。出勤について相談します。|আগেই দোকানে যোগাযোগ করে উপসর্গ জানাব। কাজে আসা নিয়ে আলোচনা করব।|খাবারের কাজে অসুস্থতা লুকাবেন না।
সমস্যা সামলানো|仕事でミスをしたらどうしますか。|কাজে ভুল করলে কী করবেন?|すぐ報告して、直し方を確認します。原因を考えて、同じミスを防ぎます。|সঙ্গে সঙ্গে জানিয়ে ঠিক করার পদ্ধতি জেনে নেব। কারণ বুঝে একই ভুল ঠেকাব।|ভুল গোপন করলে ক্ষতি বাড়তে পারে।
সমস্যা সামলানো|お客様が怒ったらどうしますか。|গ্রাহক রাগ করলে কী করবেন?|落ち着いてお話を聞きます。自分で対応できない時は、責任者を呼びます。|শান্তভাবে তাঁর কথা শুনব। নিজে সামলাতে না পারলে দায়িত্বপ্রাপ্ত ব্যক্তিকে ডাকব।|ঝগড়া নয়; নিরাপত্তা ঝুঁকি হলে সাহায্য নিন।
সমস্যা সামলানো|物が壊れたらどうしますか。|কোনো জিনিস ভেঙে গেলে কী করবেন?|周りの安全を確認して、すぐ報告します。勝手に修理しません。|চারপাশ নিরাপদ কি না দেখে সঙ্গে সঙ্গে জানাব। নিজে ইচ্ছেমতো মেরামত করব না।|বিদ্যুৎ বা ধারালো ভাঙা জিনিস হলে স্পর্শ করার আগে নির্দেশনা নিন।
সমস্যা সামলানো|けがをしたらどうしますか。|কাজে আঘাত পেলে কী করবেন?|作業を止めて、責任者に伝えます。必要な手当てを受けます。|কাজ থামিয়ে দায়িত্বপ্রাপ্ত ব্যক্তিকে জানাব। প্রয়োজনীয় চিকিৎসা নেব।|আঘাত লুকিয়ে কাজ চালিয়ে যাবেন না।
সমস্যা সামলানো|お客様の忘れ物を見つけたらどうしますか。|গ্রাহকের ফেলে যাওয়া জিনিস পেলে কী করবেন?|勝手に持ち帰らず、責任者に渡します。店の手順に従います。|নিজে নিয়ে যাব না; দায়িত্বপ্রাপ্ত ব্যক্তিকে দেব। দোকানের নিয়ম মানব।|ব্যক্তিগত তথ্য দেখার প্রয়োজন নেই।
সমস্যা সামলানো|急に休む必要がある時はどうしますか。|হঠাৎ ছুটি নিতে হলে কী করবেন?|できるだけ早く連絡して、理由を説明します。店の連絡方法に従います。|যত দ্রুত সম্ভব যোগাযোগ করে কারণ বলব। দোকানের যোগাযোগের নিয়ম মানব।|নিজে অন্য কর্মী বদলি ঠিক করার আগে ম্যানেজারের নিয়ম জানুন।
সমস্যা সামলানো|指示が二つ重なったらどうしますか。|দুটি নির্দেশ একসঙ্গে এলে কী করবেন?|どちらを先にするか、責任者に確認します。|কোনটি আগে করব তা দায়িত্বপ্রাপ্ত ব্যক্তির কাছে জিজ্ঞেস করব।|সময় ও নিরাপত্তা অনুযায়ী অগ্রাধিকার নিশ্চিত করুন।
সমস্যা সামলানো|日本語が聞き取れない時、何と言いますか。|জাপানি শুনে বুঝতে না পারলে কী বলবেন?|すみません。もう一度、ゆっくりお願いします。|দুঃখিত। আরেকবার ধীরে বলুন।|অনুশীলনে বারবার ব্যবহার করুন।
ফোন ও সাক্ষাৎকারের আচরণ|電話で応募する時、何と言いますか。|চাকরিতে আবেদন করতে ফোনে কী বলবেন?|アルバイトに応募したくて、お電話しました。担当の方はいらっしゃいますか。|পার্ট-টাইম কাজে আবেদন করতে ফোন করেছি। দায়িত্বপ্রাপ্ত ব্যক্তি আছেন?|পরিচয় দেওয়ার পর চাকরির বিজ্ঞাপনের কথা বলুন।
ফোন ও সাক্ষাৎকারের আচরণ|面接はいつ来られますか。|সাক্ষাৎকারে কখন আসতে পারবেন?|【তারিখ】の【সময়】に伺えます。ご都合はいかがですか。|【তারিখ】-এর 【সময়】-এ আসতে পারব। আপনার সুবিধা হবে?|সময় নিশ্চিত হলে পুনরায় বলে মিলিয়ে নিন।
ফোন ও সাক্ষাৎকারের আচরণ|面接の時間を確認してください。|সাক্ষাৎকারের সময় নিশ্চিত করুন।|【তারিখ】の【সময়】ですね。ありがとうございます。よろしくお願いします。|【তারিখ】-এর 【সময়】, তাই তো? ধন্যবাদ। আপনার সহযোগিতা কামনা করছি।|তারিখ, সময়, ঠিকানা ও যোগাযোগের নম্বর লিখুন।
ফোন ও সাক্ষাৎকারের আচরণ|持ち物について、どう聞きますか。|সঙ্গে কী আনবেন তা কীভাবে জানতে চাইবেন?|面接の時、履歴書のほかに必要な物はありますか。|সাক্ষাৎকারে CV ছাড়াও কি অন্য কিছু লাগবে?|এটি প্রার্থী নিজে জিজ্ঞেস করবেন।
ফোন ও সাক্ষাৎকারের আচরণ|店に着いたら、何と言いますか。|দোকানে পৌঁছে কী বলবেন?|本日【সময়】から面接の約束をしている【নাম】と申します。担当の方をお願いします。|আজ 【সময়】-এ সাক্ষাৎকারের অ্যাপয়েন্টমেন্ট আছে। আমি 【নাম】। দায়িত্বপ্রাপ্ত ব্যক্তির সঙ্গে দেখা করতে চাই।|সেবার ব্যস্ততার মাঝেও ভদ্রভাবে পরিচয় দিন।
ফোন ও সাক্ষাৎকারের আচরণ|部屋に入る時、何と言いますか。|ঘরে ঢোকার সময় কী বলবেন?|失礼します。【নাম】と申します。本日はよろしくお願いします。|প্রবেশের অনুমতি চাইছি। আমি 【নাম】। আজ আপনার সহযোগিতা কামনা করছি।|বসতে বলা হলে ধন্যবাদ দিয়ে বসুন।
ফোন ও সাক্ষাৎকারের আচরণ|座ってください。|বসুন।|ありがとうございます。失礼します。|ধন্যবাদ। আপনার অনুমতি নিয়ে বসছি।|চেয়ার টেনে অযথা শব্দ করবেন না।
ফোন ও সাক্ষাৎকারের আচরণ|少し待っていただけますか。|একটু অপেক্ষা করবেন?|はい、大丈夫です。ありがとうございます。|জি, সমস্যা নেই। ধন্যবাদ।|ফোন সাইলেন্ট রাখুন।
ফোন ও সাক্ষাৎকারের আচরণ|面接の時間を変更したい時、何と言いますか。|সাক্ষাৎকারের সময় বদলাতে চাইলে কী বলবেন?|申し訳ありません。【কারণ】のため、面接の時間を変更していただけますか。|দুঃখিত। 【কারণ】-এর জন্য সাক্ষাৎকারের সময় বদলে দেওয়া যাবে?|আগে যোগাযোগ করে নতুন বিকল্প সময় দিন।
নিজে প্রশ্ন করুন|何か質問はありますか。|আপনার কোনো প্রশ্ন আছে?|はい、最初に担当する仕事と、研修について教えていただけますか。|জি, প্রথমে কোন কাজ করব এবং প্রশিক্ষণ সম্পর্কে জানাবেন?|কমপক্ষে একটি প্রাসঙ্গিক প্রশ্ন প্রস্তুত রাখুন।
নিজে প্রশ্ন করুন|研修について、どう聞きますか。|প্রশিক্ষণ সম্পর্কে কীভাবে জানতে চাইবেন?|研修はどのくらいありますか。研修中の仕事内容も教えてください。|প্রশিক্ষণ কত দিন হয়? প্রশিক্ষণের সময়ে কী কাজ হবে তাও জানাবেন।|প্রশিক্ষণকালের বেতন জানতে পরের প্রশ্ন ব্যবহার করুন।
নিজে প্রশ্ন করুন|給料について、どう聞きますか。|বেতন সম্পর্কে কীভাবে জানতে চাইবেন?|時給と、給料の支払日を教えていただけますか。研修中の時給も同じですか。|ঘণ্টাপ্রতি বেতন ও বেতন দেওয়ার দিন জানাবেন? প্রশিক্ষণের সময়েও একই বেতন?|বিজ্ঞাপনের বেতন নিশ্চিত করুন; ভদ্রভাবে জিজ্ঞেস করা যায়।
নিজে প্রশ্ন করুন|シフトについて、どう聞きますか。|শিফট সম্পর্কে কীভাবে জানতে চাইবেন?|シフトは、いつまでに希望を出せばいいですか。|শিফটের পছন্দ কোন সময়ের মধ্যে জমা দিতে হবে?|পরীক্ষার সময় শিফট কমানো নিয়ে আগেই আলোচনা করুন।
নিজে প্রশ্ন করুন|服装について、どう聞きますか。|পোশাক সম্পর্কে কীভাবে জানতে চাইবেন?|制服はありますか。靴など、自分で用意する物はありますか。|ইউনিফর্ম আছে? জুতা বা অন্য কিছু নিজে আনতে হবে?|চুল, গয়না ও স্বাস্থ্যবিধির নিয়মও জানতে পারেন।
নিজে প্রশ্ন করুন|休憩について、どう聞きますか。|বিরতি সম্পর্কে কীভাবে জানতে চাইবেন?|休憩の時間と、取り方を教えていただけますか。|বিরতির সময় ও নেওয়ার পদ্ধতি জানাবেন?|চুক্তি ও শিফটের বিবরণ পড়ে মিলিয়ে নিন।
নিজে প্রশ্ন করুন|契約について、どう聞きますか。|চুক্তি সম্পর্কে কীভাবে জানতে চাইবেন?|働く条件を、書面で確認できますか。|কাজের শর্ত লিখিতভাবে দেখতে পারি?|বেতন, কাজ, সময়, স্থান ও চুক্তির মেয়াদ পড়ুন।
নিজে প্রশ্ন করুন|採用の結果について、どう聞きますか。|নিয়োগের ফল সম্পর্কে কীভাবে জানতে চাইবেন?|面接の結果は、いつ、どのようにご連絡いただけますか。|সাক্ষাৎকারের ফল কবে এবং কীভাবে জানাবেন?|ফোন ও ইমেইল নিয়মিত দেখুন।
শেষ ও প্রথম দিন|最後に伝えたいことはありますか。|শেষে কিছু বলতে চান?|仕事を早く覚えて、店の役に立ちたいです。本日はありがとうございました。|কাজ দ্রুত শিখে দোকানে কাজে আসতে চাই। আজ সময় দেওয়ার জন্য ধন্যবাদ।|ইন্টারভিউ শেষে সংক্ষিপ্ত ধন্যবাদ দিন।
শেষ ও প্রথম দিন|面接が終わったら、何と言いますか。|সাক্ষাৎকার শেষে কী বলবেন?|本日はお時間をいただき、ありがとうございました。失礼します。|আজ সময় দেওয়ার জন্য ধন্যবাদ। অনুমতি নিয়ে যাচ্ছি।|দরজার কাছে আবার হালকা অভিবাদন করতে পারেন।
শেষ ও প্রথম দিন|採用になりました。|আপনাকে নিয়োগ দেওয়া হয়েছে।|ありがとうございます。初日の時間と、持ち物を確認させてください。|ধন্যবাদ। প্রথম দিনের সময় ও সঙ্গে কী আনব তা নিশ্চিত করতে চাই।|অনুমতি ও লিখিত শর্ত নিশ্চিত করে শুরু করুন।
শেষ ও প্রথম দিন|初日に何と言いますか。|প্রথম কাজে যাওয়ার দিন কী বলবেন?|今日からお世話になります、【নাম】です。よろしくお願いします。|আজ থেকে আপনাদের সঙ্গে কাজ করব, আমি 【নাম】। আপনার সহযোগিতা কামনা করছি।|নিজেকে ম্যানেজার ও দলের কাছে পরিচয় করান।
শেষ ও প্রথম দিন|仕事の説明がわかりましたか。|কাজের ব্যাখ্যা বুঝেছেন?|はい、確認のため、手順をもう一度言ってもよろしいですか。|জি, নিশ্চিত হওয়ার জন্য ধাপগুলো আরেকবার বলে নিতে পারি?|যা বুঝেছেন তা নিজের ভাষায় আবার বলুন।
শেষ ও প্রথম দিন|仕事が終わったら、何と言いますか。|কাজ শেষ হলে কী বলবেন?|お先に失礼します。お疲れ様でした。|আমি আগে বিদায় নিচ্ছি। কাজের জন্য ধন্যবাদ।|দ্বিতীয় বাক্যটি সহকর্মীদের প্রচেষ্টার প্রতি প্রচলিত ভদ্র সম্ভাষণ।
শেষ ও প্রথম দিন|辞めたい時はどうしますか。|কাজ ছাড়তে চাইলে কী করবেন?|契約の内容を確認して、早めに店長に相談します。|চুক্তির শর্ত দেখে আগেই ম্যানেজারের সঙ্গে আলোচনা করব।|হঠাৎ আর কাজে না গিয়ে যোগাযোগ বন্ধ করবেন না।
