a7f99d72325c42ed|পাহাড়ের চূড়া পর্যন্ত দুই ঘণ্টা হেঁটেছেন|২時間あるいて山の上につきました বলে দুই ঘণ্টা হাঁটার পর চূড়ায় পৌঁছেছেন। বিশ্রাম ছিল এক ঘণ্টা; ক্লান্ত হলেও আবার যেতে চান।
a58eb916df23d05c|ঘর প্রশস্ত, কিন্তু স্টেশন থেকে দূরে|へやはひろい এবং 駅からとおい সরাসরি লেখা। তাই ঘর বড় হলেও যাতায়াতে সুবিধা নেই; স্টেশনের কাছে নতুন ঘর চাইছেন।
b40c20496092dc17|চারটি|শিক্ষার্থী প্রথমে সাতটি নিতে চাইলে কর্মী চারটি পর্যন্ত নিতে বলেন। তিনটি বাদ দেন: সাত থেকে তিন বাদ দিলে চারটি ধার নেন।
7eccb81050ea1068|বই ও পত্রিকা ধার নিয়েছেন|অভিধান শুধু পাঠাগারের ভেতরে ব্যবহার করতে বলা হয়। শেষের ফেরত দেওয়ার নিয়মে বই দুই সপ্তাহ ও পত্রিকা এক সপ্তাহ—তাই বই ও পত্রিকা নিয়েছেন।
79d2f4eb515be1ac|বন্ধু ভালো রান্না করতে পারেন|বন্ধুর তৈরি খাবার একটু ঝাল হলেও খুব সুস্বাদু এবং দুজনেই অনেক খেয়েছেন। প্রদত্ত বিকল্পে এ থেকে বন্ধু ভালো রান্না করেন কথাটিই সবচেয়ে উপযুক্ত।
a9e9e5fc8d137297|ছাতা ফেরত দিয়েছেন|চিঠির দিন ১০ সেপ্টেম্বর। おととい ধার নিয়েছেন, 昨日 মিষ্টি বানিয়েছেন; আজ দরজার কাছে ধার করা ছাতা রেখে ফেরত দিচ্ছেন।
e04669c7dd5b6e00|গোসলের পরে সকালের খাবার খেয়েছেন|朝ごはんを食べる前にシャワーをあびました বলে খাবারের আগে গোসল। টিভি খাবারের সঙ্গে, সংবাদপত্র খাবারের পরে।
879b27c01e92ac4d|নোটবই ফেরত দেবেন|リンさんに借りたノートは明日持ってきます ধার নেওয়া খাতা আগামীকাল নিয়ে আসবেন। এটি ফেরত দেওয়া; নতুন খাতা ধার নেওয়ার কথা নয়।
989df5939c2e6288|হালকা ও সুন্দর|B ছাতাটিকে সুন্দর বলেছেন এবং A নতুন ছাতাটি হালকা বলেছেন। দামি ও ভারী ছিল গত বছরের ছাতা, গতকালেরটি নয়।
c6d4378304326f56|নয়টা পঞ্চাশে এসেছেন|অনুশীলন শুরু নয়টা বিশে, তাকাগি ত্রিশ মিনিট পরে এসেছেন। নয়টা বিশের সঙ্গে ত্রিশ যোগ করলে নয়টা পঞ্চাশ।
87b90b12af2af7b5|দিনে চারবার, খাবারের পরে ও ঘুমানোর আগে|সকাল, দুপুর, রাতের খাবারের পর তিনবার এবং ঘুমের আগে আরও একবার। মোট চারবার; নির্দেশ তিন দিন ওষুধ নেওয়ার।
c0e4ce1c5dc6c2c3|স্কুল হাসপাতালের পাশে|学校は病院のとなり সরাসরি বলা হয়েছে। স্টেশন থেকে পুরো পথ প্রায় দশ মিনিট; শুধু সেতু পেরোনোর পরে পাঁচ মিনিট।
8202b722c5d84be7|ব্যাগের ভেতরে|শিক্ষক 本はかばんの中に入れてください বলেছেন। টেবিলের ওপর শুধু পেন্সিল থাকবে; বই টেবিলের ভেতরেও রাখতে বলেননি।
fd2e27c263f0d2fc|বাতাস প্রবল বলে|লেখক শীতে সানগ্লাস ব্যবহার করেন এবং কারণ হিসেবে শক্ত বাতাসের কথা বলেছেন। গরম বা রোদ এই ব্যক্তির উল্লিখিত কারণ নয়।
a0a0688f63df731d|মা দেশে ফিরে গেছেন|লেখক মাকে বিদায় দিতে বিমানবন্দরে গেছেন এবং মায়ের বিমান উড়ে যাওয়ার পর নিজেও দেশে ফিরতে চান। মা তাঁকে বিদায় দিতে আসেননি, লেখক সঙ্গে ফেরেননি।
3971d34eef76fbce|দিনে দুবার ওষুধ নিতে হবে|প্যাকেটে 朝晩 সকাল ও সন্ধ্যায় নিতে লেখা। মোট পাঁচ দিনের নির্দেশ, পাঁচবার নয়; চায়ের সঙ্গে নিতে নিষেধ।
206adf92590a2e67|মার্চে ঠান্ডা নয়|জানুয়ারি-ফেব্রুয়ারি খুব ঠান্ডা, কিন্তু মার্চে শীত শেষ ও বেশ গরম হয়। তাই তিনটি নঞর্থক বিকল্পের মধ্যে 寒くない-ই সঠিক।
839887f237053ab7|এখন পোষা প্রাণীসহ থাকার ফ্ল্যাট বেশি|গত বছরে সব ফ্ল্যাটের অর্ধেকের বেশি পোষা প্রাণী অনুমোদন করত এবং সংখ্যা এখনও বাড়ছে। সব ফ্ল্যাট নয়, তবে অনুমোদিত ফ্ল্যাটই বেশি।
f560b5e91c2bdf78|এখানে এসে আগের চেয়ে সুস্থ হয়েছেন|আগে পায়ের সমস্যায় ঘরে থাকতেন; এখন প্রতিদিন কুকুর নিয়ে হাঁটেন এবং শরীর ভালো হয়েছে। কাজ ছাড়ার ঘটনা স্বামীর, স্ত্রীর নয়।
ad91bb7c404c1206|প্রাণী নিয়ে থাকা আনন্দের মনে হয় বলে|দেখাশোনার অসুবিধা জানলেও হানাদা দম্পতির আনন্দময় জীবনের কথা শুনে লেখকের ইচ্ছা বদলায়। কারণ আনন্দ, শুধু ফ্ল্যাটের সংখ্যা বাড়া নয়।
9b8f76baafe2f801|স্কুলের দক্ষিণ দরজায় নয়টা পঞ্চাশে|স্কুল থেকে দশটায় রওনা হওয়ার দশ মিনিট আগে জড়ো হতে বলা। স্থান স্কুলের দক্ষিণ দরজা; কারখানার সময় এগারোটা।
7f0066d206a82c40|মানিব্যাগ ভুলে এসেছেন ভেবে বাড়ি ফিরেছেন|স্বাভাবিক সময়েই বেরিয়েছিলেন, কিন্তু স্টেশন থেকে বাড়ি ফেরায় চল্লিশ মিনিট দেরি। পরে মানিব্যাগ কোটে মেলে; ট্রেন থামার কথা নেই।
5d7e6a37d3d9ad78|বাতি নেভাবেন না|電気をけしましょうか প্রস্তাবে তানাকা そのままにしておきましょう বলেছেন। অন্য কেউ আসবেন বলে জ্বলা বাতি সেই অবস্থায় রাখতে হবে।
14c0bef1a66412a0|পাশের ঘরের শব্দে উদ্বিগ্ন হয়েছেন|শব্দ শুনে চোর সন্দেহে চিন্তা হয়েছিল, কিন্তু গিয়ে কেউ পাননি। খোলা জানালা দিয়ে বাতাস ঢুকেই শব্দ করেছে।
12fb0e2aae965370|মন্দির পর্যন্ত যত দ্রুত সম্ভব দৌড়ান|পানি দিয়ে স্নানের পরে সাদা পোশাক পরে দৌড়ান। প্রথম পৌঁছাতে সবাই চেষ্টা করেন; খাওয়া হয় শেষ ব্যক্তি পৌঁছানোর পরে।
c5489b20df1a3cb1|বাছাই করা শিশুরা গান ও নাচ করে|দুই মাস আগে দক্ষ শিশুদের নির্বাচন করে অনুশীলন করানো হয়। উৎসবের দিনে নির্বাচিত তারাই সবার সামনে গান-নাচ পরিবেশন করে।
6dba32f286345d7c|ধান ও সবজির ফলন উদযাপন|প্রথম অনুচ্ছেদ উৎসবের উদ্দেশ্য বলে: 米や野菜がたくさんできたことをよろこぶ। রান্না বা প্রতিযোগিতা সেই উদযাপনের অংশ।
7eef6c3a2549fd2d|পানীয় নিয়ে যাবে|চিঠিতে 飲み物を持たせてください সরাসরি নির্দেশ। সকালের খাবার বাড়িতে, জড়ো হওয়ার জায়গা স্কুল, টাকা নেওয়া নিষেধ।
53e056e655288234|বন্ধুর কাছ থেকে বিড়াল পেয়েছেন|友達がくれた-তে বন্ধু লেখককে দিয়েছেন। বন্ধুর কাছে বিক্রি বা কেনার কোনো ঘটনা নেই।
53f5f19b930ef698|নিয়মিত ট্রেনটিতে উঠতে পারেননি|খাতা নিতে বাড়ি ফেরায় いつものる電車におくれてしまいました, নিয়মিত ট্রেন মিস হয়েছে। পরের ট্রেন দেরিতে এসেছে।
d2b443948c952460|কোম্পানিতে কাজ করতেন|চিঠিতে 今も前と同じ会社で仕事をしていますか বলা—এখনও আগের কোম্পানিতে কাজ করেন কি। সেই আগের কাজ কোম্পানির, পুতুল বা কেকের দোকানের নয়।
d21a6a116b6610a0|মারিকো ও তাঁর বন্ধুর ছবি|পরশু স্কুলের বন্ধু নিয়ে পার্কে গিয়ে 友だちととった写真 পাঠাচ্ছেন। আন আগেই দেশে ফিরেছেন, তাই বর্তমান ছবিতে আন নন।
66fd7999cf3435c0|ট্রেনে বন্ধুর গ্রামে বেড়াতে গিয়েছেন|গ্রীষ্মের ছুটিতে বন্ধুর গ্রামে যাওয়ার যাত্রা ছিল ট্রেনে, ফিরেছেন একা বিমানে। জাপানি খাবার তৈরি করেছেন বন্ধুর মা।
3d215a1f0ad54ddb|রাতে বেশি চা খাওয়া ভালো নয় মনে হয়েছে|বন্ধুর সঙ্গে গল্প ভালো লেগেছে, সমস্যা হয়েছে অনেক চা খেয়ে পরে ঘুম না আসায়। নেতিবাচক অনুভূতি চা বেশি খাওয়া নিয়ে, বন্ধুর সঙ্গে দেখা নিয়ে নয়।
09228fd9556f70d1|ইয়াং|বার্তায় ヤンより লেখকের স্বাক্ষর; 先に行って、きっさてんでまっています তাঁর অপেক্ষার কথা। কাতো ও সুজুকি বার্তার প্রাপক।
d1a2de6e3f447caa|ভুল হলে আবার লিখতেই হবে|কালো বলপেনের লেখা মোছা যায় না। ভুল হলে もう一度別のかみに書き直さなければならない, অন্য কাগজে আবার লিখতে হবে।
1a33be29c2c1722f|বারো সেপ্টেম্বর|লেখিকা বলেন আজ চিঠি এসেছে এবং নিজের চিঠিতে ৯月১২日 তারিখ দিয়েছেন। দশ সেপ্টেম্বর ছিল ইয়াংয়ের পাঠানো চিঠির তারিখ।
56b510cc27b6db06|দুর্ঘটনায় আঘাত পেয়েছেন বলে|প্রথমে অসুস্থতা বা ব্যস্ততা সন্দেহ ছিল। পাওয়া চিঠি পড়ার পর দুর্ঘটনা ও আঘাতের খবর জানা যায়, এটিই দেরির প্রকৃত কারণ।
cf6eb50afe1ce01f|ইয়ামাদাকে ফোন করবেন|লেখিকা ২২ তারিখ সময় হবে কি না 電話で知らせてください বলেছেন। তাই ইয়াং নিজে ফোন করে জানাবেন, ফোনের অপেক্ষায় থাকবেন না।
f520621c478ecaa3|টাকা কম থাকার দাবি সম্ভবত মিথ্যা|লেখক দেখছেন ইয়ামাদা গাড়ি রাখেন, গলফ ও মদ্যপানও ছাড়েন না। তাই শেষのきっとうそだろう টাকা যথেষ্ট না থাকার দাবিকে নির্দেশ করে।
1ffa60ab4183f904|নিরিবিলি পাহাড়ে যেতে চান|লিন কিয়োটোর মতো শহর চান, কিন্তু লি বলেন わたしはしずかな山の中。 দুই ব্যক্তির পছন্দ আলাদা করতে হবে।
e50cbc01eb1fcab0|নতুন প্যান্ট লাগবে না বলে লেখক ভাবেন|এই অনুচ্ছেদের লেখকের যুক্তি অনুযায়ী পরিশ্রমে ওজন কমলে পুরোনো প্যান্ট আবার পরা যাবে। তাই নতুন প্যান্ট কেনার প্রয়োজন থাকবে না বলে অনুমান করেন।
34ade9f3e5764918|নির্দিষ্ট ফুলকে ঘিরে আলাদা রীতি বলে|লেখকের দেশেও ফুল দেখে আনন্দ হয়, কিন্তু শুধু সাকুরাকে নিয়ে বিশেষ রীতি নেই। এই পার্থক্যই আগ্রহের কারণ।
407f237800bd5990|আবহাওয়া ও সংবাদে হানামির তথ্য দেওয়া|いちばんおどろいた অংশে লেখক স্পষ্ট বলেন বিশেষ রীতি নয়, খবর ও আবহাওয়ার পূর্বাভাসে ফুল ফোটার তথ্য দেওয়াই সবচেয়ে আশ্চর্য।
a5f23e73f797d583|শুধু সাকুরার সময়ে এত হৈচৈ কেন|লেখক বলেন হৈচৈ অন্য সময়েও করা যায়, অথচ অন্য ফুলের সময়ে হয় না। এই নির্দিষ্ট ফুলের সঙ্গে হৈচৈ জোড়ার বিষয় তাঁর অদ্ভুত লাগে।
1b29f04961541cf5|ট্রেনে বাড়ি ফিরবেন|এগারোটা বেজেছে বলে এখনই ফিরতে চান; কারণ দেরি হলে ট্রেন আর থাকবে না। তাই তাঁর বর্তমান পরিকল্পনা ট্রেনে বাড়ি ফেরা।
de9cc0774283d134|টোকিও সারাদিনই কোলাহলপূর্ণ নয়|খুব ভোরে গাড়ি কম, দোকান বন্ধ ও শুধু পাখির ডাক শোনা যায়। তাই অন্তত সেই সময় শান্ত; 一日中うるさいのではない আংশিক অস্বীকার।
5bd6705c85f3c080|ইয়ামাদা অসুস্থ বলে মনে হয়|সবাই অসুস্থ বলছে; স্টেশনে দেখা ব্যক্তি তাঁর ভাই বলে লেখক ভাবেন। তাই 病気らしい খবরভিত্তিক অনুমান, সরাসরি সাক্ষাতের নিশ্চিত তথ্য নয়।
4eb420f21b407be5|তরুণ পরিবার বেশি বলে শিশু বেশি|শেষ অনুচ্ছেদে わかい家族がたくさん住んでいるので、子どもがたくさんいます বলা। ডাকঘর নেই বা পরিবার কম বিকল্পগুলো পাঠ্যের বিরোধী।
83a9e97b8fd8659f|স্কুল ও ব্যাংক আছে, স্টেশন দূরে|শহরে প্রয়োজনীয় ভবন আছে, কিন্তু নিকটতম স্টেশনেও বাসে ত্রিশ মিনিট লাগে। রাস্তাগুলো বরং প্রশস্ত; যানজট বলা হয়নি।
c815ea4a3cb69d41|সকাল ছাড়া বাস কম, গাড়ি প্রয়োজন|সকালের যাতায়াতের সময় ছাড়া ঘণ্টায় মাত্র দুটো বাস। গাড়ি না থাকলে জীবন অসুবিধার—এই তথ্য দুটি সঠিক বিকল্পে একত্রে আছে।
1d0e72d3c957648d|গত রাতে মদ্যপান করেছেন|日がくれてから সূর্য ডোবার পর বেরিয়েছেন এবং সবাই飲んで নেচেছেন। তাই ঘটনাটি গত রাতে; শান্তভাবে শুধু ফুল দেখা নয়।
a03e05f7a1d3c405|জীবনযাপনের খরচে ব্যবহার করেন|বিশ্ববিদ্যালয়ের ফি বাবা-মা আলাদা দেন। অতিরিক্ত মাসিক এক লাখ ইয়েন জীবনযাপনের জন্যও যথেষ্ট নয় বলা, তাই সেটি生活費-তে যায়।
c271a37a3d8186b3|কাজ খুব কঠিন নয়, আয়ও মন্দ নয়|শেষ অনুচ্ছেদে বর্তমান ক্যাফের কাজ কেন পছন্দ করেন সরাসরি বলা। কাজের পরিশ্রম ও আয় দুটোর ভারসাম্য ভালো।
e94c38ee3b7bfb3e|পাঠাগারের কাজে আয় কম|পাঠাগারের কাজ সহজ, কিন্তু ঘণ্টায় মাত্র সাতশ ইয়েন। নির্মাণে আয় বেশি হলেও কঠিন বলে শিক্ষার্থীরা সাধারণত কম করেন।
0ee444176dac281e|পেশি তৈরি করেননি—এই বক্তব্যটি ভুল|প্রশ্নে 正しくない, ভুল বক্তব্য চাওয়া হয়েছে। অভিনেতা শক্তিশালী দেখাতে পেশি তৈরি এবং নানা প্রশিক্ষণের কথা বলেছেন; তাই পেশি তৈরি করেননি বিকল্পটি বিরোধী।
6cb209e3188ca85e|বয়স বাড়ার সঙ্গে মাছ বেশি ভালো লাগা|そうではない আগের লেখকের ধারণাকে অস্বীকার করে। বয়সের ক্রমে পছন্দ বাড়ার ধারণা ছিল, কিন্তু পছন্দের তালিকায় তরুণরাও ওপরের দিকে।
fc8729ff6c6212a0|মাছ খাওয়ার প্রবণতা বাড়া|প্রথমে মাছ কম খাওয়ার প্রচলিত ধারণা প্রশ্ন করা হয়েছে। শেষের উপসংহার মানুষ আবার মাছ খায় ও তরুণদেরও পছন্দ—এই বিষয়কে কেন্দ্রে রাখে।
132c182c3d9383e6|ছোটবেলায় যে বাড়িতে থাকতেন|それ-এর ঠিক আগে 昔住んでいた家-এর কথা স্মরণ করা হয়েছে। পরের অংশে ওই বাড়ির বাগান, দাদা-দাদি ও শৈশব বর্ণনা করেন।
af8efa3438a2f7b2|বন্ধুর সঙ্গে পাহাড় ও নদীতে খেলা|隣の家の明子ちゃん-এর সঙ্গে বাড়ির পেছনের পাহাড় ও কাছের নদীতে যেতেন। দাদা-দাদি বেড়াতে আসতেন নয়, তাঁরা একসঙ্গে থাকতেন।
3a98f17e02e26b04|পুরোনো বাড়ির বাগানের ফুলের একই গন্ধ পেয়েছেন|শেষে লেখক মিলটি বুঝেছেন: আগের বাগানের ছোট সাদা ফুল ও পথে পাওয়া গন্ধ এক। হাঁটার সময়ে গন্ধ চিনেছেন; সাদা ফুল দেখার কথা নয়।
66fa042be3ee5c0c|মানুষের দুটি চোখ থাকা|それ আগের 二つという উত্তর ও সত্যকে বোঝায়। লেখক শারীরিক চোখের বাইরে তিন ধরনের দেখার কৌশল ব্যবহার করতে বলেন।
628c1f3d6250e628|পুরো বিষয়, খুঁটিনাটি, প্রবাহ বোঝা|鳥の目 ওপর থেকে সামগ্রিক গঠন দেখে, 虫の目 ছোট অংশ গভীরভাবে দেখে, 魚の目 সময়ের প্রবাহ বা দিক বোঝে। এই ক্রমের বিকল্পটি সঠিক।
3e28ca53f6cd5c76|পড়া ও কাজে তিন দৃষ্টিভঙ্গি ব্যবহার করা|শেষের 勉強でも仕事でも使える三つの目を持ちましょう মূল পরামর্শ। প্রাণীর চোখের শারীরিক মিল নয়, কাজের তিন কৌশল শেখানো হয়েছে।
18e5d298f80e97b8|চার হাজার ইয়েনের বিশ শতাংশ|শনিবার B-কোর্স চার হাজার ইয়েন। আগের দিন বাতিলে ২০ শতাংশ ফি, তাই এক ব্যক্তির জন্য ৪০০০×০.২০ = ৮০০ ইয়েন।
e2bd5fc8bca59114|দুই নম্বর, সাকুরায়া|জাপানি খাবার এবং স্টেশন থেকে দশ মিনিটের মধ্যে—সাকুরায়া পাঁচ মিনিটে। তিন নম্বর সোমবার বন্ধ, চার নম্বর পনেরো মিনিটে, প্রথমটি ফরাসি খাবার।
2d9d6c5015c2c6f0|পিরামিডের দেয়ালচিত্র বলে পরিচয় দেওয়া|ছাত্র প্রশ্ন করেছে ছবির পরিচয় ピラミッドの壁画 বলে দেওয়া সঠিক কি না। それ ওই পরিচয়টিকে বোঝায়, চিঠি বা বইকে একা নয়।
6d787f59a3ce3212|ছবিটি আসলে পিরামিডের সঙ্গে সম্পর্কিত নয়|লেখক বই দেখে বোঝেন ছবিটি অনেক পরের যুগের রাজসমাধির দেয়ালচিত্র। বিস্ময় ছবির ভুল পরিচয় নিয়ে, শুধু ছাত্রের চিঠি পাওয়ায় নয়।
c208f55c479440b3|পিরামিডে ছবি নেই—পাঠ্যের এই তথ্য উপেক্ষা|লেখক বলেন যুগের ব্যবধান মূল সমস্যা নয়। তাঁর পাঠ্যের মূল যুক্তি পিরামিডে ছবি না থাকার তথ্য সম্পূর্ণ উপেক্ষিত হয়েছে।
e076f46be10cc0fa|পাঠ্য অনুযায়ী কোনো যুগেই পিরামিডের দেয়ালে ছবি নেই|প্রশ্নটি পাঠ্যের দাবি বোঝার। শেষের あらゆる時代を通じて〜絵が描かれることはなかった মূল বাক্য; লেখার খোদাই ও ছবি এক নয়।
a74ce1475ed1a492|আবৃত্তি অনুশীলনের পাঠ্য বাছাই|প্রথমে আগ্রহের বিষয়, পরে নিজের উপযোগী লেখা, শেষে কল্পনা করা সহজ গল্প বেছে নিতে বলা। সব অংশেই বিষয় উপকরণ নির্বাচন।
0d14b710c6e103c0|নববর্ষের জাপানি রান্নার উপকরণ|আগের বাক্যে 正月は日本料理を食べたい বলে সেই রান্নার 材料 কোথায় পাওয়া যায় জিজ্ঞেস করেন। そういうの ওই উপকরণগুলোকে নির্দেশ করে।
08eddeff82e6d2d6|বিশ বছর বয়সী কর্মজীবী মেয়ের সঙ্গে আসা বাবা|ছাড় শিশুপ্রতি দুই সঙ্গী পর্যন্ত, শিশুর সংজ্ঞা উচ্চমাধ্যমিক বা তার নিচে অথবা আঠারোর কম। বিশ বছরের স্কুলকর্মী মেয়ে কোনোটিই নন।
876c2abf74ff4f69|জুলাই থেকেই কাজে বা প্রশিক্ষণে যোগ দেওয়া|নিয়োগকাল জুলাই-আগস্ট হলেও কাজ ও প্রশিক্ষণ আগস্ট থেকে শুরু হবে। বছরে চার প্রশিক্ষণ, মাসে দুই কাজ ও বার্ষিক ফি আলাদা বাধ্যবাধকতা।
142ba7675966c9b3|নেতিবাচক শব্দ বাদ দিলেই সব কাজে সফল হওয়া|প্রশ্নে পাঠ্যের সঙ্গে মেলে না এমন দাবি চাওয়া। ইতিবাচক ভাষা সম্ভাবনা ও আগ্রহ ধরে রাখে বলা হলেও সব কাজে নিশ্চিত সাফল্য বলা হয়নি।
4e913d3577e274f1|ইমেইলে অংশগ্রহণ জানিয়ে তানাকাকে পরিচয়পত্র দেওয়া|২৩ মে রাতের মধ্যে ইমেইল, ২৪ মে দুপুর একটার মধ্যে তানাকার কাছে ছাত্রপরিচয়পত্র। এক হাজার ইয়েন অনুষ্ঠানদিনে আনতে হবে, এখন পরিচয়পত্রের সঙ্গে নয়।
30c732e1e485cfb7|দাম কম ও তৈরি সহজ বলে|洋傘 সম্পর্কে 作るのも簡単で値段も安い বলা হয়েছে। এই দুই সুবিধায় পশ্চিমা ছাতা সারা দেশে দ্রুত ছড়ায়।
5a2c1fe9b5414f36|ছাতা তৈরির ঐতিহ্য বজায় রাখতে চান|বিদেশি অতিথি বলেন ঐতিহ্যবাহী ছাতায় জাপানের বৈশিষ্ট্য ফুটে ওঠে। শুনে কারিগর বন্ধ না করার সিদ্ধান্তে ফেরেন—ঐতিহ্য রক্ষার মূল্য উপলব্ধি।
65b6bb3a3f468209|ঐতিহ্য রক্ষা প্রয়োজন, কিন্তু কঠিন|অল্প কিছু বয়স্ক কারিগর রয়ে গেছেন; একজন দশ বছর আরও কাজ করবেন বললেও লেখক বিষণ্ন হন। প্রয়োজনীয় ঐতিহ্যের ভবিষ্যৎ নিয়ে কঠিন পরিস্থিতি বোঝায়।
93b83f773d92b946|কুকুরের মলে রাস্তা নোংরা করাকে খারাপ মনে করেন এমন মানুষ|চিহ্নিত বাক্যের আগে পুরো বিষয়টি আছে: フンで道路を汚すことを悪いと考えている人। তুলনা সেই মতের মানুষ নিয়ে, শুধু কুকুরের মালিকের সংখ্যা নয়।
e8a00dc9fde98292|কুকুর হাঁটানো ব্যক্তির মল পরিষ্কার করতে হবে না|পাঠ্যে ফ্রান্সে প্রচলিত ধারণা হিসেবে বলা হয়েছে নিজে পরিষ্কার করলে পরিচ্ছন্নতাকর্মীর কাজ নেওয়া হয়। তাই তাঁদের মতে মালিকের পরিষ্কার করার প্রয়োজন নেই।
7f571ddd93581e47|প্রতারণার অভিজ্ঞতাকে শিক্ষা হিসেবে গ্রহণ|ঠিক আগেই 損をした経験をいい勉強と言い換えましょう বলেছেন। そういうふう তাই ক্ষতি থেকে শিক্ষা নেওয়ার ওই দৃষ্টিভঙ্গি নির্দেশ করে।
12e9f7b6506c1da5|সত্যি বলতে—এর পর কথার গুরুত্বপূর্ণ অংশ|লেখক বইয়ের সঙ্গে তুলনা করে মূল অনুভূতি প্রকাশের 本当は কথাটি ব্যাখ্যা করেন। উপসংহারে এই শব্দের পর নিজের প্রকৃত কথা শোনার সুযোগ বলে গুরুত্ব দিয়েছেন।
