f3572db2371f5344|তানাকা আসার দিন|বিশেষ্যকে বিশেষিত করা বাক্যের কর্তা চিহ্নে が-এর বদলে の হতে পারে। 田中さんの来る日 মানে তানাকা যে দিন আসবেন; এখানে の মালিকানা নয়।
27efd5ba0b0befb2|বৃষ্টি হবে কি হবে না|বাক্যের ভেতরে দুটি সম্ভাবনা জানতে 〜か〜ないか রূপ হয়। 降るか降らないかわかりません মানে বৃষ্টি হবে কি না জানি না।
5b93495ed7ef106f|কোথা থেকে|から শুরুর জায়গা বা উৎস বোঝায়। どこから来ましたか মানে কোথা থেকে এসেছেন; গন্তব্যের に বা へ নয়।
2c6b13a95a351652|পিংপংও|আগে টেনিস খেলেছে, পরে আরেকটি খেলাও যোগ হচ্ছে। も একই ধরনের অতিরিক্ত কাজ বোঝায়: পিংপংও খেলেছি।
5102ececd491933f|খাবেন না|নিষেধ বা না করার অনুরোধে ক্রিয়ার ない-রূপ + でください হয়। 食べないでください মানে দয়া করে খাবেন না।
be08883996f76af6|বেড়াতে যাওয়ার উদ্দেশ্যে|行く-এর আগে বিশেষ্য বা ます-ধাতুর সঙ্গে に দিয়ে উদ্দেশ্য বলা হয়। 旅行に行きます মানে ভ্রমণে যাই।
305b5ee0177c54f8|শেষ হওয়ার পরে|ক্রিয়ার た-রূপ + あとで একটি কাজ সম্পন্ন হওয়ার পরের কাজ বোঝায়। テストが終わったあとで পার্টি হবে।
2cb72cf0957ea5b7|আমার|মালিকানা বোঝাতে の হয়। 私のです-তে আগের 荷物 বিশেষ্যটি বাদ গেছে, অর্থ ওই বড় মালপত্রটি আমার।
a9c2460b1bb4137b|এক কাপ|পানীয় গুনতে 杯 ব্যবহৃত হয়। 一杯 পড়া いっぱい; コーヒーを一杯いかがですか এক কাপ কফির ভদ্র প্রস্তাব।
b95c94c5ac958c99|চা|বাক্যাংশের ক্রম いま → きっさてんで → お茶を → 飲んで। সময়, জায়গা, কর্ম ও ক্রিয়া সাজালে তারকার তৃতীয় স্থানে お茶を আসে।
564ccdc43341d389|জাপানে|ক্রম つくっている → こうじょうで → 日本で → いちばん大きい। প্রথম অংশ গাড়ি তৈরির কারখানা বলে, পরে জাপানের সবচেয়ে বড় বলে; তৃতীয় খণ্ড 日本で।
0e2cad95ea5a3813|তারপর|ক্রম ごはんを → たべて → それから → かいしゃへ। ছয়টায় উঠে খেয়ে তারপর অফিসে যাওয়ার ধারায় তারকায় それから বসবে।
4de8f283401ebd16|ইয়োকোহামা স্টেশনে|ক্রম でんしゃに → のって → よこはまえきで → おりて। টোকিওতে ট্রেনে উঠে ইয়োকোহামায় নামতে বলছে; তৃতীয় খণ্ড গন্তব্যে নামার জায়গা।
a64e3d2dc4b979b5|বইটি নামিয়ে দেবেন কি|উঁচু তাকের বইটি দেখতে চাইছে বলে দোকানের কর্মীকে নামাতে অনুরোধ করা দরকার। てくださいませんか ভদ্র অনুরোধের রূপ।
60988c025862008c|কোন বই|এর পরের উত্তরে パク あれです বলে বই চিহ্নিত করেন। তাই আগের প্রশ্নটি どの本ですか, কোন বই, হওয়া দরকার।
6cfb1794620d4e85|তাহলে লাগবে না|দাম বেশি শুনে ক্রেতা কেনার প্রস্তাব প্রত্যাখ্যান করছেন। じゃ、いいです এই প্রসঙ্গে তাহলে আর দরকার নেই বোঝায়; প্রশংসা নয়।
c9cffa0be67b70a6|অনেকদিন যোগাযোগ হয়নি|চিঠির পরে পুরোনো সহপাঠীদের দেখা হওয়ার পর আর দেখা হয়নি বলা আছে। ごぶさたしています সেই দীর্ঘ বিরতির উপযুক্ত শুভেচ্ছা।
6b9270dee2cffc6c|চিকিৎসক হয়ে গেছে|বিশেষ্য + に + なる নতুন পরিচয় বা অবস্থায় পরিবর্তন বোঝায়। 医者になりました মানে চিকিৎসক হয়েছে।
2ff82c89c3e5edc7|কারণ|বৃষ্টি হচ্ছে—কারণ; বাইরে যাচ্ছি না—ফল। বাক্যের পরে から বসিয়ে এই কারণ ও সিদ্ধান্ত যুক্ত হয়।
05c12614b77a19d2|ব্যাংকে অবশ্য যাই না|へ গন্তব্য বোঝায় এবং は বিপরীত দুটি গন্তব্য আলাদা করে। ডাকঘরে যাব কিন্তু ব্যাংকে যাব না বলতে 銀行へは行きません হয়।
c3bd43ecbd985368|সবল হয়ে|な-বিশেষণ দিয়ে পরিবর্তন বোঝাতে な বাদ দিয়ে になる হয়। 丈夫になりました শরীর সবল বা সুস্থ হয়েছে বোঝায়।
440a3d87734593a6|সতেরো বছর বয়স এবং|বিশেষ্যবাচক তথ্য যুক্ত করতে です-এর সংযোগরূপ で হয়। 17歳で、学生です বয়সের তথ্যের সঙ্গে শিক্ষার্থী পরিচয় যুক্ত করছে।
ee07525f6dcf565a|কঠিন ছিল না|い-বিশেষণের অতীত নঞর্থক রূপে い বাদ দিয়ে くなかった হয়। 難しくなかったです মানে কঠিন ছিল না।
d3a517d0ccb30802|আর নেই|সবাই অনেক পান করায় এখন অবশিষ্ট নেই। もうありません মানে আর নেই; ইতিমধ্যে ফুরিয়ে গেছে বোঝায়।
573ceb52d3ef7a69|বন্ধ অবস্থায় আছে|閉まる দরজা নিজে বন্ধ হওয়া। 閉まっています এখানে কাজের চলমানতা নয়, বন্ধ হওয়ার পরের অবস্থা বোঝায়।
b27bb3cf37b64abf|তাই না|ね শ্রোতার সম্মতি বা একই অনুভূতি চাইতে বাক্যের শেষে হয়। খুব গরম, তাই না—এই যৌথ মূল্যায়নে উপযুক্ত।
bdead4e1f31910cf|আকর্ষণীয়|লেখায় বইটি একটু কঠিন হলেও পড়তে উৎসাহ দেওয়া হয়েছে। おもしろい সেই বিপরীত ইতিবাচক কারণ, বইটি মজার বা আকর্ষণীয়।
ec4f4b4f82a43482|শব্দ|পরের নির্দেশ অভিধান দেখার বিষয়ে। অভিধানে অজানা শব্দের অর্থ খোঁজা যায় বলে 知らないことば উপযুক্ত।
06f1da173e80c809|পড়ুন|প্রথমবার অভিধান না দেখে পুরো বই পড়তে বলা হচ্ছে। 読む-এর て-রূপ よんで-এর পরে ください হয়।
582d44dafdbf7dd1|আর একবার|প্রথমে একবার পড়ার পরে অভিধান দেখে দ্বিতীয়বার পড়ার নির্দেশ। もう一度 মানে আর একবার; শেষে দুইবার পড়ার কথা নিশ্চিত করেছে।
0dcd4b9a89ec05cd|বুঝেছি|ঘরে না ঢুকতে নির্দেশ দেওয়া হয়েছে। わかりました নির্দেশটি বুঝে মেনে নেওয়ার যথাযথ জবাব।
60a0722f518fa55d|মাত্র একবার|しか-এর সঙ্গে নঞর্থক ক্রিয়া ব্যবহার হয় এবং সীমিত পরিমাণ বোঝায়। 一回しか降りませんでした মানে মাত্র একবার তুষার পড়েছিল।
97f583eec02dc4f6|ব্যাংকেও না, দোকানেও না|も একটি নঞর্থক বক্তব্যে দুই জায়গাই অন্তর্ভুক্ত করছে। へも〜へも行きませんでした মানে কোনো জায়গাতেই যাইনি।
21fdba2cf2cd8c08|যাওয়ার আগে|ক্রিয়ার অভিধান রূপ + 前に কোনো কাজের আগের কাজ বলে। 会社に行く前に অফিসে যাওয়ার আগে খেলাধুলা করেন।
fb5df7399856cdcf|নিজে|自分で নিজে বা অন্যের সাহায্য ছাড়া কাজ করা বোঝায়। রান্নাটি নিজেই বানান কি না জানতে で দরকার।
ac1c24ee6ac11c41|অপেক্ষা করুন|অনুরোধে て-রূপ + ください হয়। 待つ-এর て-রূপ 待って, তাই まってください সঠিক।
5a5a0f00c3b4b2e8|অসুস্থ হলে|病気になったとき অসুস্থ হয়ে যাওয়ার পরের অবস্থা বোঝায়। সে অবস্থায় হাসপাতালে যাওয়ার নিয়ম বলা হচ্ছে।
e916933b3188e9f2|কেউই নেই|প্রশ্নবাচক だれ-এর সঙ্গে も ও নঞর্থক ক্রিয়া মিলে কেউ নেই হয়। だれもいません মানে কোনো ব্যক্তি নেই।
cec3e3a06fcaff9e|সাঁতার কাটতে|ইচ্ছা প্রকাশে ます বাদ দেওয়া ক্রিয়াধাতুর সঙ্গে たい যোগ হয়। 泳ぎます → 泳ぎたい, সাঁতার কাটতে চাই।
86bf28305d069640|দুজন|লেখক ও বন্ধু মিলে দুজন সিনেমা দেখতে গিয়েছেন। 二人で দুই ব্যক্তি একসঙ্গে কাজ করা বোঝায়।
ddb8e2213862694b|সময় হয়ে গিয়েছিল|সময় এসে যাওয়ার বাক্য 〜の時間になる। অতীত ঘটনার ধারায় 昼ご飯の時間になったので ঠিক।
b51d2ee6a0831613|তারপর|আগে সিনেমা ও দুপুরের খাবার, পরে কেনাকাটা। それから ঘটনাগুলো সময়ের ক্রমে যুক্ত করছে।
b8dc843bd9e35aa3|আনন্দের|কিছুটা ক্লান্ত হলেও দিনটি আনন্দে কেটেছে। たのしい一日でした ইতিবাচক দিনের মূল্যায়ন; অতীত ভাব শেষের でした দেয়।
f641a74395cef688|গলফ অবশ্য|テニスはします কিন্তু ゴルフはしません দুটি খেলার বিপরীত অভ্যাস। は দ্বিতীয় বিষয়টি তুলনা করে আলাদা করছে।
961f6e94da225c0f|প্রাণবন্ত হবে|な-বিশেষণের অনুমানসূচক রূপে でしょう-এর আগে な বা だ লাগে না। にぎやかでしょう মানে সম্ভবত প্রাণবন্ত হবে।
66a652142beaac2c|অথবা|সোমবার বা মঙ্গলবার—দুটি সম্ভাব্য দিনের মধ্যে একটি। বিশেষ্যের মধ্যে か বসে বিকল্প সময় বোঝায়।
e53087acb9cf0ce8|তোলা|আগে তোলা ছবিকে বিশেষিত করতে ক্রিয়ার সাধারণ অতীত রূপ প্রয়োজন। 先週撮った写真 গত সপ্তাহে তোলা ছবি।
fb54a1e926923bd2|খেতে চাই|食べます-এর ます বাদ দিয়ে たい যোগ করলে 食べたい। ইচ্ছার বস্তু ফলের পরে が ব্যবহার করা হয়েছে।
433cd3f8fd57c5b3|স্টেশনের ওপারে|বিশেষ্যগুলোর অবস্থানগত সম্পর্ক の দিয়ে যুক্ত হয়। 駅の向こう স্টেশনের ওপারে বা অন্য পাশে বোঝায়।
8297e79fc02ced61|পড়ার সময়|সাধারণ কাজের সময়ে অন্য কাজ হয় বলতে অভিধান রূপ + とき হয়। 本を読むとき বই পড়ার সময়ে অভিধান ব্যবহার করেন।
05e53f86113ea9a0|সাঁতার কাটছে|泳ぐ-এর て-রূপ 泳いで; এর সঙ্গে いる যোগে চলমান কাজ। 魚が泳いでいます মাছ সাঁতার কাটছে।
f798e3e9653bfd49|হ্যাঁ, নিন|লবণটি দিতে অনুরোধ করা হয়েছে। はい、どうぞ জিনিস এগিয়ে দেওয়ার স্বাভাবিক সম্মতিসূচক উত্তর।
f8042fb29322957d|জিজ্ঞেস করেছিলাম|ভ্রমণের আগে ওকিনাওয়ার বন্ধুর কাছে নানা তথ্য নেওয়া হয়েছে। পরের বাক্যে বন্ধুর উত্তর আছে, তাই 聞きました মানে জিজ্ঞেস করেছি।
4a81e7d140badf42|তাই|ওকিনাওয়া বেশি গরম—কারণ; গরমের কাপড় নিতে উপদেশ—ফল। だから কারণ ও পরামর্শটি যুক্ত করছে।
7638b0b65d23a8d2|সেই কারণে|টোকিও তখন ঠান্ডা ছিল, কিন্তু ভ্রমণস্থল গরম জানার কারণে লেখক গরমের পোশাক বের করেন। それで আগের তথ্যের ফল হিসেবে এই সিদ্ধান্ত যুক্ত করে।
fa0edf425963eb40|রবিবার|কোম্পানির একমাত্র ছুটি রবিবার বলা হয়েছে। তাই ঘরের বহু কাজ করার দিন হিসেবে 日曜日 বসবে।
2cdd7945cec251cd|জন্ম হয়েছিল|ছোট বোনের জন্মের নির্দিষ্ট অতীত সময়ে বাবা বিদেশে ছিলেন। 生まれたとき সেই সম্পন্ন ঘটনাকে সময় হিসেবে চিহ্নিত করছে।
0ae09f23cb534640|গান করি|একসঙ্গে কাজের প্রস্তাবে ます-ধাতু + ましょう হয়। 歌います → 歌いましょう, চলুন গান করি।
2f6613089069b395|ফেরত দিতে|本を返します-এর ます-ধাতু 返し-এর পরে に দিয়ে যাওয়ার উদ্দেশ্য হয়। বই ফেরত দিতে পাঠাগারে যাচ্ছি।
7ab2a6da1c7a997b|প্রায়|সময়ের পরিমাণের পরে ぐらい আনুমানিক সময়কাল। 六時間ぐらい寝ました প্রায় ছয় ঘণ্টা ঘুমিয়েছি।
c006b06cdb419175|না থাকায়|ある-এর নঞর্থক ない; তার সংযোগরূপ なくて। お金がなくて困っています টাকা না থাকায় সমস্যায় আছি।
705e3005fc01f6b6|পরিষ্কার-পরিচ্ছন্নতা ও কাপড় ধোয়ার মতো কাজ|や একাধিক বিশেষ্যের অসম্পূর্ণ তালিকা দেয়। 掃除や洗濯 ঘরের কাজগুলোর উদাহরণ; অন্য কাজও থাকতে পারে।
22308c8a21705cdf|ছোট এবং|い-বিশেষণ যুক্ত করতে い বাদ দিয়ে くて হয়। 小さくて軽い ছোট এবং হালকা—দুটি গুণ যুক্ত করে।
00fcd00428161bf5|ছুটি নেবে|আগামী সপ্তাহে যে ব্যক্তি ছুটি নেবে তাকে ক্রিয়া দিয়ে বিশেষিত করা হয়েছে। 休む人 অভিধান রূপ + বিশেষ্য।
bbb93dc5650d06c9|পরিবারের কাছ থেকে|もらう পাওয়ার উৎস বোঝাতে から বা に হতে পারে। 家族から手紙をもらった পরিবার থেকে চিঠি পেয়েছি।
529123728e275d1e|পছন্দ নয়|好き একটি な-বিশেষণ। তার ভদ্র নঞর্থক রূপ 好きではありません; あまり-এর সঙ্গে খুব পছন্দ নয় বোঝায়।
474bd6df9b1bd8bc|দেখে|একটি কাজ শেষ করে পরের কাজের ক্রম হলো てから। 辞書を見てから অভিধান দেখে তারপর কানজি লিখব।
4865c770206b99f6|খোলা আছে|開く খুলে যাওয়া; 開いている খুলে থাকা অবস্থা। ডাকঘর এখনও খোলা বলে দ্রুত যেতে বলা হচ্ছে।
87d58e98d758e409|তেমন ঝাল নয়|あまり নঞর্থক বাক্যের সঙ্গে খুব বেশি নয় বোঝায়। 辛い-এর নঞর্থক 辛くない; তাই あまりからくないです।
476850a7b3abbf23|প্রতি মাসে|নির্দিষ্ট সময়কালের মধ্যে ঘনত্ব বোঝাতে সময়কাল + に + সংখ্যা হয়। 一か月に一回 মানে মাসে একবার।
534ee1603d1e7350|করে শেষ করার পরে|〜あとで-এর আগে সম্পন্ন ক্রিয়ার た-রূপ লাগে। 宿題をしたあとで বাড়ির কাজ শেষ করে পরে চিঠি লিখব।
d6cec5e16c1ce270|বৃষ্টি হওয়া ও হাওয়া বইবার মতো ঘটনা|た-রূপ + り দিয়ে উদাহরণমূলক একাধিক কাজ হয়। 降ったり吹いたりしました বৃষ্টি ও হাওয়া দুটোর উদাহরণ দেয়।
d30dd86149fe328a|অথবা|এই রান্নায় গরুর বা শূকরের মাংসের একটি ব্যবহার হয়। か দুটি বিকল্প বিশেষ্য যুক্ত করছে; উভয়টি একসঙ্গে ব্যবহারের নিশ্চয়তা নয়।
c5fd86fb00db2973|উষ্ণ ছিল|暖かい একটি い-বিশেষণ। অতীত রূপে い বাদ দিয়ে かった হয়: あたたかかったです, উষ্ণ ছিল।
9606443f2c5f2f17|খেতে পারলে|সম্ভব কাজের শর্ত প্রকাশে সম্ভাব্য ক্রিয়া + たら হয়। 食べられたらどんなにいいだろう খেতে পারলে কত ভালো হতো—এই আকাঙ্ক্ষা বোঝায়।
abe0173df34515af|খবর পেয়েছ কি|かい অনানুষ্ঠানিক প্রশ্নের শেষাংশ, সাধারণত ঘনিষ্ঠ কথায় ব্যবহৃত। あったのかい খবর ছিল কি না জানতে চাচ্ছে।
845cd548e747f242|কাজ করতে বাধ্য হওয়ার চেয়ে|させられる ক্রিয়ার causative passive, কাউকে দিয়ে কাজ করানো বা করতে বাধ্য করা। নিজের করা নয়, অন্যকে দিয়ে কাজ করানোয় বেশি পারদর্শী—এই তুলনা।
7fda9ba72e481bf3|আনন্দিত মনে হয় এমন|い-বিশেষণের い বাদ দিয়ে そう যোগ করলে দেখে মনে হওয়ার ভাব হয়। পরের বিশেষ্য 顔-এর আগে そうな লাগে: 楽しそうな顔।
97d0c0fa55b69813|চেষ্টা করলে|やる-এর শর্তরূপ やれば। আরেকবার পড়তে উৎসাহ দিয়ে চেষ্টা করলে পারবে বলা হয়েছে; 条件 ও সম্ভাব্য ফল যুক্ত।
336a55fd1ed11993|নারীর মতো|বিশেষ্য + みたいに দিয়ে কোনো কাজ বা দেখানোর ধরন তুলনা করা হয়। 女みたいに見える নারীর মতো দেখায় বোঝায়।
34fb4a3340c9cc4e|কাগজের কাটিংয়ের মতো|বিশেষ্যকে উপমা দিয়ে বিশেষিত করতে のような লাগে। 新聞の切り抜きのようなもの সংবাদপত্রের কাটিংয়ের মতো কিছু।
349fab94b1387402|শুধু দুজনের|だけ সীমা বা শুধু ওই অংশ বোঝায়। 二人だけの話 দুজনের ব্যক্তিগত কথা, অন্যদের অন্তর্ভুক্ত নয়।
0c44524d0b4316ee|ব্যবহার না করে|ক্রিয়ার ない-রূপের পরিবর্তে ずに দিয়ে না করেই অন্য কাজ বোঝায়। 使わずに অর্থ ব্যবহার না করে; অভিধান ছাড়াই সংবাদ পড়তে পারে কি না।
32f5f22c6868ce9b|জড়ো করে রাখুন|ておく ভবিষ্যতের কাজের জন্য আগে কিছু করে রাখা। পরে আবর্জনা ফেলা হবে বলে আগে 集めておいてください।
0ef3db54c2b686f8|বানানোর অভিজ্ঞতা আছে|অতীত অভিজ্ঞতা জানতে た-রূপ + ことがある। উত্তরে 一度だけ বলে একবার বানানোর অভিজ্ঞতা জানানো হয়েছে।
bc215832a2f0db83|আসার কথা নয়|はずがない যৌক্তিকভাবে সম্ভব নয় বা হওয়ার কথা নয় বোঝায়। হাসপাতালে থাকায় আগামীকালের ভ্রমণে 来るはずがない।
0489d333d0fda2e6|না দেখে|見ない-এর সংক্ষিপ্ত নঞর্থক রূপ 見ずに। পাঠ্যবই না দেখে উত্তর দিতে নির্দেশ দেওয়া হচ্ছে।
a5f2eedc3198feaf|পরা অবস্থাতেই|まま আগের অবস্থা বজায় রেখে পরের কাজ বোঝায়। めがねをかけたまま চশমা পরা অবস্থাতেই ঘুমিয়ে পড়েছে।
7008277828af052d|বলতে থাকা|ক্রিয়ার ます-ধাতু + 続ける কাজ চালিয়ে যাওয়া। 話し続けた এক ঘণ্টা কথা বলে চলার কারণে তৃষ্ণা লেগেছে।
a5fd4f2db7d4124a|পড়া হয়নি|অভিজ্ঞতা না থাকার রূপ たことがない। 読んだことがありません মানে এই মাঙ্গা কখনও পড়িনি।
98b1d8580d0b330b|কখন দেশে ফিরবে|শেষের の অনানুষ্ঠানিক ব্যাখ্যামূলক প্রশ্ন তৈরি করছে। いつ帰るの জানতে চাইছে ফেরার সময়।
0499a0f4dba1d65b|মানিব্যাগটি|とられた প্যাসিভ রূপে চুরির শিকার হওয়ার কথা। কেড়েছে যে বস্তু 財布 তার কর্ম চিহ্ন を বজায় থাকে।
bc3b55967cbb8387|করার পরিকল্পনা|অভিধান রূপ + つもり নিজের ভবিষ্যৎ ইচ্ছা বা পরিকল্পনা। স্নাতক হওয়ার পরে কী করার ইচ্ছা আছে জানতে চাচ্ছে।
d49f02fa5a2cd6ff|এই তথ্যটি|একটি সম্পূর্ণ বক্তব্যকে বিশেষ্যরূপে নেওয়া হয়েছে: 便利だということ। শেষে がわかった দিয়ে ওই তথ্য বুঝতে পেরেছি বলা হয়।
d14b7cde90bbb07a|প্রবল থাকবে|い-বিশেষণের পরে だろう বসাতে সরাসরি অভিধান রূপ হয়। 風が強いだろう আগামীকালের বাতাস নিয়ে অনুমান।
37f3912f16b53dbd|কণ্ঠটি|父は声が大きい বিষয় ও তার বৈশিষ্ট্যের রূপ। は বাবা প্রসঙ্গ, が তাঁর কণ্ঠের জোরের গুণ চিহ্নিত করছে।
89547bd83a7d7d5a|বিশ্রাম নেব ভাবছি|ইচ্ছাবাচক ক্রিয়া + と思う নিজের পরিকল্পনা বোঝায়। 休む-এর ইচ্ছার রূপ 休もう; তাই বাড়িতে বিশ্রাম নেব ভাবছি।
7078a5b32e036edc|ঠান্ডা বলে মনে হয়|ようだ পর্যবেক্ষণ থেকে অনুমান বোঝায়। い-বিশেষণ সরাসরি よう-এর আগে থাকে: 寒いようですね।
5f3184c1731b6c47|অতিরিক্ত ধূমপান|ます-ধাতু + すぎ অতিরিক্ত কাজ করা। 吸います → 吸いすぎ, বেশি ধূমপান, এখানে বিশেষ্যরূপে বসেছে।
6e8aea7fd28f6aa8|কলম দিয়ে|で যন্ত্র বা উপায় চিহ্নিত করে। ペンで書く কলম দিয়ে লেখার কাজ বোঝায়।
e5ebdcb7bcce6d86|সিনিয়র আমাকে দিয়েছেন|くださる অন্যের দেওয়ার কাজের সম্মানসূচক রূপ। উপহার দিয়েছেন সিনিয়র, তাই তাঁর পরে কর্তা চিহ্ন が।
209547bcb38ee492|আয়তন বা পরিসর|い-বিশেষণ থেকে পরিমাপযোগ্য গুণের বিশেষ্য করতে い বাদ দিয়ে さ যোগ হয়। 広い → 広さ, ঘরের আয়তন।
c92b691bf7fc33dc|ফেলো না|কঠোর নিষেধে অভিধান রূপ + な হয়। 捨てるな মানে ফেলো না; সাধারণ ভদ্র অনুরোধের চেয়ে সরাসরি নির্দেশ।
1c91c7f08dbe05c8|ভালো না হলেও|な-বিশেষণের নঞর্থক সংযোগ 上手でなくても। なくてもかまいません মানে না হলেও সমস্যা নেই।
cfee42231cc24c5c|ফিরে গেছেন|お + ます-ধাতু + になる সম্মানিত ব্যক্তির কাজের রূপ। お帰りになりました শিক্ষকের ফিরে যাওয়াকে সম্মানের সঙ্গে বলে।
5a30e203a6d974ae|কাতোরেয়া নামে|と নাম বা উদ্ধৃতি চিহ্নিত করে। カトレアという店 মানে কাতোরেয়া নামে একটি দোকান।
67d167748a376689|থাকার সময়ের মধ্যে|間に একটি সময়সীমার মধ্যে একবার কাজ শেষ করা বোঝায়। জাপানে পড়ার সময়ের মধ্যে ফুজি পাহাড়ে উঠতে চান।
6685809bb0631fd9|ঢোকা যাবে না|てはいけません নিষেধ। 入る-এর て-রূপ 入って; তাই এই ঘরে 入ってはいけません।
b00a52761f000e37|উড়তে দেখা যায়|বাক্যের কাজকে বিশেষ্যরূপ দিতে の ব্যবহার হয়। 鳥が飛んでいるのが見える পাখির উড়তে থাকা দেখা যায়।
645cd67d88ae2424|কিনতে হলে বা কেনার কথা হলে|なら আগের কথার পরিকল্পনা ধরে পরামর্শ দেয়। ক্যামেরা কিনতে চাওয়ার কথা শুনে 買うなら বলে দোকান সুপারিশ করছেন।
2933439eb154f090|বিয়ে করবে—এই তথ্য|আগামী মাসের ঘটনার সাধারণ রূপ 結婚する-এর সঙ্গে ということ। তথ্যটি এখনও কাউকে জানায়নি বলে বাক্যটি বিশেষ্যরূপে এসেছে।
e770b01b878044f3|এইমাত্র|たばかり সদ্য সম্পন্ন কাজ বোঝায়। 起きたばかり মানে মাত্র ঘুম থেকে উঠেছি, তাই এখনও ঘুমঘুম।
53b5a4bce9619c9d|সোয়েটার বেছে নিয়েছি|বিশেষ্য + にする কোনো বিকল্প বেছে নেওয়া। জন্মদিনের উপহার セーターにしました মানে সোয়েটার ঠিক করেছি।
c6a834ba2dd13d1c|খেতে চায় না বলে|অন্য ব্যক্তির দৃশ্যমান ইচ্ছা たがる দিয়ে বলা হয়। 食べたがらなくて শিশু সবজি খেতে চায় না, সেই কারণে সমস্যা।
f3f5e4a673815e14|দশ তারিখের মধ্যে|までに কাজ সম্পন্ন করার শেষ সময়। বাড়ির কাজ দশ তারিখের মধ্যে জমা দিতে হবে; ওই দিন পর্যন্ত কাজ চলতে থাকা নয়।
11cbd5cbcee6b924|তবুও|খুঁজেছি কিন্তু পাওয়া যায়নি—বিপরীত ফল। অতীত বাক্যের শেষে が বিরোধ বা প্রত্যাশা না মেলা ফল যুক্ত করে।
550f017ca53b0eeb|তানাকাকে|人に〜ように言う কাউকে নির্দিষ্টভাবে কাজ করতে বলা। খবরটি যাঁকে দিতে হবে সেই তানাকার পরে に।
3a1538153c6d2a75|বন্ধুর কাছ থেকে|てもらう অন্যের সাহায্য পাওয়া। যাঁর কাছ থেকে অভিধান ধার পেয়েছি, 友達に貸してもらった, তাঁর পরে に লাগে।
846b39f6c4d7b6d8|না ছাড়ার পরিকল্পনা|নঞর্থক অভিধান রূপ + つもり কাজ না করার ইচ্ছা। やめないつもり চাকরি না ছাড়ার পরিকল্পনা।
daed54c8719e89ad|যখনই যাই|প্রশ্নবাচক সময় + ても সব ক্ষেত্রেই একই ফল বোঝায়। いつ行ってもこんでいる মানে যখনই যাই ভিড় থাকে।
fb63fecb31f3748d|থাকব|শিক্ষার্থী শিক্ষককে সম্মান দিয়ে いらっしゃいます বলেছেন। শিক্ষক নিজের কথা সাধারণ います রূপে বলেন; নিজের ওপর সম্মানসূচক রূপ প্রয়োগ করেন না।
b8971044d778b7bf|সিদ্ধান্ত হয়েছে|ことになる নিজের বাইরে নির্ধারিত সিদ্ধান্ত বা পরিস্থিতির পরিবর্তন বোঝায়। দেশে ফেরার সিদ্ধান্ত হয়েছে বলতে 帰ることになりました।
00264de0bdcf64b2|সম্ভব নয় মনে হয়|と思う-এর আগে な-বিশেষণ বা বিশেষ্যের সাধারণ রূপ だ দরকার। 無理だと思う কাজ চালানো সম্ভব নয় মনে হয়।
28945178538a8fb2|পরিকল্পনা আছে বলে|予定 একটি বিশেষ্য। ব্যাখ্যামূলক んです-এর আগে な লাগে: 予定なんです। বন্ধুর আসার পরিকল্পনা আমন্ত্রণ না গ্রহণের কারণ।
b6ca1b521eb59a63|পেরেছে কি না|かどうか হ্যাঁ বা না-ধরনের প্রশ্নকে বাক্যের ভেতরে আনে। স্নাতক হতে পেরেছে কি না জানেন—এই প্রশ্ন।
5a6ea15dd35d7e58|এখনই যাওয়ার মুহূর্ত|অভিধান রূপ + ところ কাজ শুরু করার ঠিক আগের অবস্থা। これから食事に行くところ এখনই খাবার খেতে যাচ্ছি।
5b1671a9d78c6e80|আমাকে দিয়েছেন|くれる অন্য ব্যক্তি বক্তা বা তাঁর পরিবারের দিকে কিছু দেওয়া। 兄が私にくれた বড় ভাই আমাকে দিয়েছেন বোঝায়।
c6a4a18ecec1d33b|ফুরিয়ে যাবে মনে হচ্ছে|ক্রিয়ার ます-ধাতু + そう দেখে অদূর ভবিষ্যৎ অনুমান। ガソリンがなくなりそう পেট্রল শেষ হয়ে আসছে।
da50dfd4f7bb5862|বিদেশি শিক্ষার্থীদের জন্য|に এখানে মূল্যায়নের যার ক্ষেত্রে প্রযোজ্য তাকে চিহ্নিত করে। 留学生には難しすぎる বিদেশি শিক্ষার্থীদের জন্য বেশি কঠিন।
4a79ffc43c99aa60|দাম বেশি নয় এবং|高い-এর নঞর্থক সংযোগ 高くなくて। দোকানের দাম বেশি নয়—এর সঙ্গে কর্মীদের দয়ালু স্বভাবের দ্বিতীয় গুণ যোগ করছে।
de65df578aaa874f|সেরে উঠলে ভালো|といい আশা বা শুভকামনা বোঝায়। 病気が早くよくなるといい দ্রুত সেরে উঠলে ভালো হয়—এই কামনা।
f1fa097a5b3c4022|বৃষ্টি হতে পারে|かもしれない সম্ভাবনা বা অনিশ্চয়তা। অভিধান রূপ 降る-এর পরে বসে, তাই বৃষ্টি হতে পারে বলে ছাতা নেওয়া হচ্ছে।
22ec9cda0bf9e382|আনতে|のに এখানে কাজের উদ্দেশ্যে প্রয়োজনীয় সময় বোঝায়। 水を持って帰るのに一時間 কাছাকাছি এক ঘণ্টা পানি আনতে লেগেছে; বিরোধসূচক のに নয়।
6ee0928eb08b5965|শুধু|だけ সীমা বোঝায়। 果物と野菜だけにする খাবার হিসেবে শুধু ফল ও সবজি বেছে নেওয়ার কথা।
f1c6a4589c2b4892|তার কাছ থেকে আসা|から উৎস বোঝায় এবং の দিয়ে পরের বিশেষ্য 返事-কে বিশেষিত করে। 彼女からの返事 তার কাছ থেকে আসা উত্তর।
fbf3751b890339e5|আপনি যা করতে চান|কাজটিকে বিশেষ্য こと-এর আগে আনতে ছোট বাক্যের কর্তা が হয়। あなたがしたいこと আপনার করতে চাওয়া কাজ।
43e7d7ebf8550cb2|শব্দ হয়েছিল|音がする কোনো আওয়াজ শোনা বা হওয়া। অতীত ঘটনায় 音がした, শব্দ হয়েছিল, ঠিক।
9a8b6147c3e32e58|নড়াচড়া বা কথা বলা|たり〜たりする একাধিক কাজের উদাহরণ। ঘুমের মধ্যে নড়া ও কথা বলা দুটো উদাহরণ হিসেবে 動きまわったりしゃべったり।
682386a59d0af498|খাওয়ার পরিকল্পনা|ভবিষ্যতের ইচ্ছা প্রকাশে অভিধান রূপ + つもり। 好きなだけ食べるつもり যতটা ইচ্ছা খাব—এই পরিকল্পনা।
624e3e70fc8427a5|এমন অভিজ্ঞতা হয়েছে|ক্রিয়ার た-রূপ + ことがある অতীতে একবার বা বেশি ঘটনার অভিজ্ঞতা। ফোনে চিৎকার করেছি—সেই অভিজ্ঞতা বলা হয়েছে।
d1b4405cef573d42|খেতে পারি|সম্ভাব্য ক্রিয়া + ようになる নতুন সক্ষমতা বোঝায়। আগে অপছন্দের সবজি এখন 食べられるようになった, খেতে পারি।
ecfffec19a08d0fc|পড়াব ভাবছি|読ませる কাউকে পড়তে দেওয়া বা পড়ানো। তার ইচ্ছাবাচক 読ませよう নিজের ছোট ভাইকে বইটি পড়াতে চাই বোঝায়।
5e4632338901cc36|কাঁদতে শুরু করেছে|ます-ধাতু + 出す হঠাৎ শুরু হওয়া। 泣き出した ঘুমন্ত শিশুটি হঠাৎ কাঁদতে শুরু করেছে।
288db9df3f33c0c1|স্টেশনের কাছে|近い-এর তুলনার বা কাছাকাছি থাকার জায়গা に দিয়ে চিহ্নিত। 駅に近い স্টেশনের কাছে বোঝায়।
158478a19d96d986|কেনার পদ্ধতি|ক্রিয়ার ます-ধাতু + 方 কোনো কাজের উপায়। 買います → 買い方, টিকিট কেনার পদ্ধতি।
a22fbe33919c8b4d|এখনও করবেন না|নঞর্থক て-অনুরোধ しないでください। কথোপকথনে চিকিৎসক এখনও ব্যায়াম না করতে বলছেন; অনুমতি দেওয়া হচ্ছে না।
501b06e0735ee9d3|শুধুই|বিশেষ্যের পরে ばかり শুধু ওই বিষয়টিতেই মন থাকা বোঝায়। আনন্দের ভ্রমণের কথাই বারবার মনে করছেন।
39909d7b507d8dc6|দিয়ে দেব|お + ます-ধাতু + いたす নিজের কাজের বিনয়ী রূপ। 渡します → お渡しいたします, পরে টিকিট দিয়ে দেব।
d7fbfcb70377c692|সুস্থ হয়ে|な-বিশেষণ + に + なる অবস্থার পরিবর্তন। 元気になりました অসুখের পরে এখন ভালো হয়েছে বোঝায়।
5d475644de1da4bf|আকাশ দিয়ে|を চলাচলের পথ বা এলাকা চিহ্নিত করতে পারে। 飛行機が空を飛ぶ বিমানের আকাশ দিয়ে যাওয়ার স্বাভাবিক ব্যবহার।
e0ba2017cf345a0c|সাঁতার কাটতে পারি|泳げる সম্ভাব্য রূপ। অনুশীলনের ফলে 泳げるようになりました নতুন সক্ষমতা অর্জন হয়েছে।
b73b1f6f200bf952|একবার দেখে চেষ্টা করুন|〜てみる করে দেখার রূপ। প্রথম 見て চলচ্চিত্র দেখা; পরের みて চেষ্টা করার সহায়ক ক্রিয়া। উৎসে সহায়ক অংশটিও 見て লেখা হয়েছে।
2276a825de07e6e6|আমাকে করতে দিন|করতে অনুমতি চাইতে causative て-রূপ + ください হয়। 私にやらせてください মানে এই কাজ আমাকে করতে দিন।
5650b27f11cbc392|না করাই ভালো|নঞর্থক রূপ + ほうがいい কোনো কাজ থেকে বিরত থাকার পরামর্শ। 無理をしないほうがいい অতিরিক্ত চাপ না নেওয়া ভালো।
f67a1e5ce12b7fe6|কথা না বললে|ない-রূপের শর্তে ない → なければ। 話さなければ বললে ভাষা ব্যবহার না করার শর্তে ভুলে যাওয়ার ফল বোঝায়।
8844e531d549096d|সাজিয়ে রাখব|ておく আগাম প্রস্তুতি। অতিথি আসার আগে テーブルにお皿を並べておく টেবিলে থালা সাজিয়ে রাখা।
99b9139762c07661|শুরু করেছি|始める কোনো নতুন কাজ শুরু করা। গত মাসে টেনিস শুরু হয়েছে বলে অতীত ভদ্র রূপ 始めました।
2e4c26bee9c89e3b|না বের হওয়াই|〜ないほうが মূল্যায়নে না করা বিকল্পের সুবিধা বোঝায়। শক্ত বাতাসে বাইরে না যাওয়া বেশি নিরাপদ বলা হয়েছে।
6d4be47da602761e|পরিচয়ের পরে অনুরোধের সংযোগ|ফোনে পরিচয় দেওয়ার পরে が অনুরোধে নরম সংযোগ তৈরি করে। 田中と申しますが、山下さんをお願いします স্বাভাবিক ভদ্র রূপ।
529f6862b98e6dd3|বন্ধু|てくれる বক্তার উপকারে অন্যের কাজ। পরিষ্কারে সাহায্য করেছেন বন্ধু, তাই কর্তা চিহ্ন が লাগে।
93f5b9a6238579d8|চালিয়ে যেতে|ていく বর্তমান থেকে ভবিষ্যতে কাজ চালানোর দিক বোঝায়। 勉強を続けていく পড়াশোনা ভবিষ্যতেও চালিয়ে যাওয়া।
39fe4e95fcae259e|ভুলে যাওয়ার কারণে|普通形 + ために ঘটনার কারণ। ফোন ভুলে যাওয়ার সম্পন্ন ঘটনা 忘れたために যোগাযোগ করতে না পারার কারণ।
ac8b284688c62b22|ঠান্ডা না হলে|い-বিশেষণের নঞর্থক শর্ত くなければ। 冷たくなければおいしくない এই কেক ঠান্ডা না হলে ভালো লাগে না।
5bd010044de218c7|হ্যাঁ, নিশ্চয় ঠান্ডা থাকবে মনে হয়|প্রশ্নে আগামীকালও ঠান্ডা হবে কি জানতে চাওয়া হয়েছে। きっと寒いと思います সময় ও আবহাওয়া দুটো বজায় রেখে অনুমান দেয়।
26eafd15c495cd18|খামের ওপর|に কোনো কিছু লাগানোর লক্ষ্যস্থান চিহ্নিত করে। 封筒に切手を貼る খামের ওপর ডাকটিকিট লাগানো।
a7238c87917ca083|সন্তানকে|させる কাউকে দিয়ে কাজ করানো। 子どもに宿題をさせた-তে に কাজ করতে যাঁকে দেওয়া হয়েছে তাঁকে চিহ্নিত।
d2b36c94c50ffbf5|বড় ভাইয়ের চেয়ে|より তুলনার ভিত্তি। 兄より弟のほうが背が高い ছোট ভাই বড় ভাইয়ের চেয়ে লম্বা বোঝায়।
a7d293f7ae156417|দুই সপ্তাহ|どのぐらい এখানে জাপানে আসার পর কেটেছে কতদিন জানতে চাচ্ছে। 二週間です সেই সময়কালটির সরাসরি উত্তর।
6ed9033f56b26c44|যদিও|のに প্রত্যাশার বিপরীত ফল। অনেক খাবার ছিল, তবুও সব খাওয়ার সময় ছিল না—এই বিরোধ যুক্ত করছে।
dc464fc1758c19da|শিক্ষার্থীর মতো|বিশেষ্য + らしく সেই পরিচয়ের উপযুক্ত আচরণ বোঝায়। 学生らしくもっと勉強しなさい শিক্ষার্থীর মতো আরও পড়তে বলা।
0bb3cecd7ffe9495|তদন্ত বা খোঁজ করা|অভিধান রূপ + ことができる সক্ষমতা। 調べることができる পাঠাগারে শহরের ইতিহাস খুঁজে জানা যায়।
70dc712700fca9c2|কোথায় কিনেছেন—এই প্রশ্ন|প্রশ্নবাচক উপবাক্যের শেষে か লাগে। どこで買ったか覚えていますか কোথায় কিনেছিলেন মনে আছে কি।
e33ed9efd49ea0c4|তাছাড়া|し একাধিক কারণ বা বৈশিষ্ট্য যোগ করে। টাকা নেই, সময়ও নেই—দুটি কারণ মিলিয়ে বাইরে না যাওয়ার সিদ্ধান্ত।
bbdb0482f525b6ae|হওয়ার জন্য|নিজের লক্ষ্য পূরণের উদ্দেশ্যে অভিধান রূপ + ために হয়। 先生になるために শিক্ষক হওয়ার জন্য পড়ছেন।
af0ef160fcd4de72|নাম বদলানোর ঘটনা|বাক্যকে বিশেষ্যরূপ দিতে こと ব্যবহার হয়েছে। 銀行の名前が変わったことを知らなかった ওই ঘটনা জানতাম না।
da85a55e96c7157c|হাঁটো|ます-ধাতু + なさい নির্দেশের রূপ। 歩きます → 歩きなさい, সামনে থাকা ব্যক্তির পিছু ধরে হাঁটো।
d4d3438f54d98d7a|চাপলেই|অভিধান রূপ + と নিয়মিত বা স্বয়ংক্রিয় ফল বোঝায়। ここを押すと人形が動く এখানে চাপলেই পুতুল নড়ে।
e848ddc92e859276|না ভর্তি হলে|ক্রম 大学 → に → 進まな → ければ। 進まなければ নঞর্থক শর্ত; বিশ্ববিদ্যালয়ে না গেলে টোকিওতে যেত হয়তো—এই অনুমান।
0bbb0a5df7dab18c|ভাবতে|ক্রম 頭がいい → らしい → と思う → ように। ようになった নতুন অভ্যাস বোঝায়; নিজেকে বেশি বুদ্ধিমান ভাবতে শুরু করায় তারকায় と思う।
80a25cc77d8b1df0|শুধু বৃষ্টি দিয়ে আবহাওয়া ভালো-মন্দ নির্ধারণ করা যায় না|লেখক বৃষ্টির সুবিধা ও প্রবল বাতাসের অসুবিধা দুটিই বলেছেন। উপসংহারে 雨だけではきめられない সেই যুক্তি ধরে; বৃষ্টিহীন সব দিন ভালো বলছেন না।
5c9dc1f58f5046b9|এখনও সিদ্ধান্ত নিইনি|まだ-এর পরে সম্পন্ন হয়নি এমন অবস্থা বলতে ていない হয়। কোন ক্লাসে ভর্তি হবেন তা এখনও স্থির হয়নি বলে きめていないんです।
327a10031c9421c2|কী ধরনের কাজ করেছিলেন|পরের উত্তরে আগের বছরের ক্লাসে শেখা ও খেলার কাজ বলা হয়েছে। তাই অতীত অভিজ্ঞতার নির্দিষ্ট বিষয় জানতে どんなことをしましたか প্রয়োজন।
81963030e3610e0b|দেরি হলে|অনুশীলনের শুরুতে দেরি হলে নিয়ম বোঝা যায় না—নিয়মিত শর্ত ও ফল। おくれると সেই সম্পর্ক; দেরি করলেও নয়।
27bd10083e9f0ec1|খেয়ে দেখতে চাই|অন্য দেশের রান্নার প্রস্তাবে তানাকা স্বাদ নেওয়ার ইচ্ছা জানাচ্ছেন। 食べてみたいです-তে てみる চেষ্টা করে দেখা, たい ইচ্ছা।
e0fdac7f3ccf6537|রাখা আছে|ফ্রিজে মাংস ও সবজি আগে থেকেই আছে। 入っています ভেতরে থাকা বর্তমান অবস্থা; এখন ঢোকানোর ভবিষ্যৎ কাজ নয়।
e2ee40db44c771d7|ব্যবহার না করলেও চলে|শিক্ষার্থী জাপানি কম জানেন বলে কম ভাষা ব্যবহার লাগে এমন কাজ চাইছেন। なくてもいい কোনো কাজ করার বাধ্যবাধকতা নেই বোঝায়।
40a6499354e42a00|নির্দিষ্ট দিনগুলোতে ব্যবস্থা করে দেবেন কি|শিক্ষার্থী দোকানকে মঙ্গল, বৃহস্পতি ও শনিবারে কাজের ব্যবস্থা করতে অনুরোধ করছেন। していただけませんか অন্যের সাহায্য চাওয়ার বিনয়ী রূপ।
1d4323b37f329d73|ঘুমিয়ে পড়লাম|しかし ও しずかすぎて পড়তে যাওয়ার উদ্দেশ্যের বিপরীত অনাকাঙ্ক্ষিত ফল আনে। ねむってしまった শান্ত পরিবেশে ঘুমিয়ে পড়া বোঝায়।
946beb5c0997324d|পড়তে পারি|দিনে কাজের ব্যস্ততায় সময় নেই, বাড়ি ফিরে খাওয়ার পর やっと অর্থ অবশেষে। তখনই পড়ার সুযোগ হয় বলে べんきょうができる।
548df9464d999b4d|পরের|ঘটনার পরদিন বোঝাতে つぎの日 হয়। あした বক্তার বর্তমান সময়ের আগামীকাল, এখানে অতীত ঘটনার ধারার পরের দিন দরকার।
3911eaa48874300e|টেলিভিশন|লেখক টেলিভিশন এবং হায়াশি স্টেরিও কিনেছেন। ভুল করে স্টেরিও লেখকের বাড়ি এসেছে; বিপরীতে テレビ হায়াশির বাড়িতে গেছে।
7a316f01f08af44d|আগের বাড়ির চেয়ে অফিস কাছে হয়েছে|আগে যাতায়াতে দেড় ঘণ্টা, এখন চল্লিশ মিনিট। তাই 前の家より会社に近くなりました সময় কমার সঙ্গে সামঞ্জস্যপূর্ণ।
a6945bf8224d374b|কেনাকাটায় অসুবিধা হলেও|বাড়ির চারপাশে দোকান কম, কিন্তু বড় পার্ক আছে। 買い物にふべんでも ওই অসুবিধা সত্ত্বেও পার্কের কাছে বাড়ি পছন্দ করার কথা যুক্ত করছে।
4241b1506359c69e|সেই|আগের বাক্যে হেঁটে পৌঁছানো স্টেশন উল্লেখ হয়েছে। その駅 সেই সদ্য বলা স্টেশনকে নির্দেশ করে; বিশেষ্যের আগে それ হয় না।
672c520e41bdcc87|অফিস|পুরো অনুচ্ছেদ বাড়ি থেকে অফিস যাওয়ার পথ বর্ণনা করে। বাস থেকে নামার কাছের নতুন ভবনটি তাই 会社।
c9accc4f79d3ad68|কীভাবে প্রস্তুতি নেব|শিক্ষকের উত্তর বইয়ের দশ পৃষ্ঠা পর্যন্ত পড়ে আসতে বলছে। তাই কোন ধরনের পূর্বপ্রস্তুতি প্রয়োজন জানতে どんなよしゅうをしたらいいですか।
f92e8fa7757dc8ce|অভিধান কিনতে হবে কি|উত্তর いいえ、買うひつようはありません, কেনার প্রয়োজন নেই। এর সঙ্গে বাধ্যবাধকতা জানতে 買わなければなりませんか-ই মেলে।
a24464dd0c79cb05|অভিধান না থাকলে পড়তে পারব না সম্ভবত|অজানা শব্দ অনেক দেখে পরের কাজ অভিধান ধার নেওয়া। তাই じしょがないと読めないだろう সেই প্রয়োজন উপলব্ধি বোঝায়।
b1814c4a0406b41a|অভিধান ধার নিয়ে বাড়ি নিতে পারি কি|কর্মী বলেন অভিধান পাঠাগারের ভেতরে ব্যবহার করুন, বাড়ি নেওয়া যাবে না। তাই প্রশ্নটি ধার নিয়ে ফেরার অনুমতি জানতে 借りて帰ってもいいですか।
b0860a1ee3910921|বুধবার|স্বামীর ছুটি বুধবার, স্ত্রীর রবিবার। স্ত্রী বেশি ছুটি নেন যাতে বুধবার কম খরচে গলফ খেলা যায়; তাই এখানে 水曜日।
417bc71f431f2037|সহজ|বুধবারে ভিড় কম হওয়ায় খরচ কম এবং মাঠ বুক করাও সহজ। かんたんだから কারণ হিসেবে এই দ্বিতীয় সুবিধা দেয়।
186137e464129827|কাজ করে|অন্যান্য মানুষ কর্মরত থাকে এমন দিনে তাঁরা ছুটি নিয়ে খেলেন। তাই ほかの人がはたらく日, অন্যরা কাজ করে যে দিন।
c189cd60aa771cd9|ডিপার্টমেন্ট স্টোরে কাজ করতে চান না|স্বামী চান স্ত্রীও একই জায়গায় কাজ করে বুধবার ছুটি পাক। ざんねんながら দিয়ে তার বিপরীত অনিচ্ছা: デパートにはつとめたくない।
a44ed6bd18bcbb39|শিগগিরই|সাইকেল চলে কিন্তু খুব পুরোনো বলে নিকট ভবিষ্যতে নষ্ট হওয়ার আশঙ্কা। もうすぐこわれそうです মানে শিগগিরই নষ্ট হবে মনে হচ্ছে।
90cf8513e3462587|সময়|নতুন সাইকেলের টাকা পেতে বেশি কাজ করতে হবে, কিন্তু পড়াশোনা ব্যস্ত। সেই অতিরিক্ত কাজের জন্য 時間 নেই।
0f8788625fd1518f|কিন্তু|এখন বেশি কাজের সময় নেই; তবে সাইকেল নষ্ট হলে বর্তমান কাজও করা যাবে না। けれども দুটি সমস্যাকে বিপরীত যুক্তিতে সংযোগ করে।
2df4391e116cdaf1|টাকা বা সাইকেল|টাকার অভাবে নতুন সাইকেল কেনা যাচ্ছে না এবং পুরোনোটি নষ্ট হওয়ার পথে। お金でも自転車でも টাকা অথবা সাইকেল ধার দিলে সমস্যার সমাধান হবে।
e2d95171523cae72|আশা করি এমনভাবে দেখবে না|〜てほしいものだ দৃঢ় কামনা বা আশা প্রকাশ করে। 見ないでほしいものだ-তে বক্তা চান তাঁকে অদ্ভুত দৃষ্টিতে না দেখা হোক।
ebb3763f4c693c32|গুণও আছে, দোষও আছে|AもあればBもある দুটি বৈশিষ্ট্যের সহাবস্থান। 長所もあれば短所もある মানে মানুষের গুণ ও দুর্বলতা উভয়ই থাকে।
0df9dde34c0c8a41|পানি না খেয়ে থাকতে পারেনি|ずにはいられない নিজের প্রবল প্রয়োজন বা অনুভূতি নিয়ন্ত্রণ করতে না পারা। মুখের ফ্যাকাশে ভাব দেখে পানি না খেয়ে থাকতে পারেনি বোঝায়।
a043b768c10a04ee|কেবল সেই কাজই করছিল|てばかりいる একই কাজে অতিরিক্ত সময় দেওয়া বোঝায়। プロトタイプをいじってばかりいた প্রোটোটাইপ নাড়াচাড়াতেই ব্যস্ত ছিলেন।
219b1bfd20574a18|যা করতে হবে|পরামর্শে সাধারণ ক্রিয়া + こと দিয়ে করণীয় বলা হয়। প্রথমে অন্যকে সাহায্য করতে চাওয়া এবং দ্বিতীয়ত সৎ হওয়া—দুটি নির্দেশ।
bf7115eae12c10ee|অপেক্ষা ছাড়া উপায় নেই|しかない একমাত্র অবশিষ্ট পথ বোঝায়। এখানে ধৈর্য ধরে ফলের জন্য অপেক্ষা করা ছাড়া আর কিছু করার নেই।
8d02511f29955781|গ্রেপ্তার করামাত্র|ます-ধাতু + 次第 একটি কাজ সম্পন্ন হওয়ার সঙ্গে সঙ্গে পরের কাজ হবে। 逮捕し次第 গ্রেপ্তার করার পরই আটক রাখার কথা।
ce0d74e829f518a9|যাতে পাস করতে পারি|সক্ষমতার ক্রিয়া できる-এর সঙ্গে লক্ষ্য বোঝাতে ように হয়। পাস করার সক্ষমতা অর্জন করতে মন দিয়ে পড়ার সিদ্ধান্ত।
3ec497a9804651af|খোলা অবস্থায় ফেলে রাখা|ます-ধাতু + っぱなし প্রয়োজনীয় পরের কাজ না করে আগের অবস্থা বজায় রাখা। 開けっぱなし দরজা খোলা রেখেই দেওয়ার অবস্থা।
5c2a1f9d0091155d|বাড়ি বানানোর জন্য হিসেবে|にしては প্রদত্ত মানদণ্ডের তুলনায় অপ্রত্যাশিত মূল্যায়ন করে। বাড়ি বানানোর জায়গা হিসেবে স্থানটি খুব অদ্ভুত মনে হয়েছে।
26165985cafd5d21|ছোট হওয়া সত্ত্বেও|くせに প্রত্যাশার বিপরীত বৈশিষ্ট্য কিছুটা সমালোচনা বা বিস্ময়ের সুরে বলে। প্রাণীটি ছোট অথচ গরুর মতো শক্তিশালী।
149b1212f3fde301|কী করলে ভালো হবে তা|どうしたらいいのか একটি পরোক্ষ প্রশ্ন। বন্ধুর ক্ষমা পেতে কী করা উচিত বুঝতে না পারা বোঝাতে のか দরকার।
433d97fcd9bdbb7c|অবাক করার বিষয় হলো|অনুভূতিসূচক た-রূপ + ことに দিয়ে পরের ঘটনার মূল্যায়ন আগে বলা হয়। 驚いたことに শহর পুরো বদলে যাওয়ায় বিস্ময় বোঝায়।
55046fe30dd88e63|বিক্রি না হওয়া থেকে|ことから জানা ঘটনা থেকে কারণ বা সিদ্ধান্ত তুলে ধরে। পণ্য বিক্রি না হওয়ায় ভাবনার মূল ভিত্তি পুনর্বিবেচনা করতে হয়েছে।
d13aa76a4ff4d965|ত্রিশ বছর বয়স বলতে|というのは কোনো বিষয়কে ব্যাখ্যার আলোচ্য হিসেবে তুলে ধরে। এখানে ত্রিশ বছর অনেকের জীবনের এক গুরুত্বপূর্ণ পরিবর্তনের সময়।
85c00935161dbfa1|পুরুষের প্রত্যাশিত গুণের|らしい কোনো পরিচয়ের প্রচলিত বৈশিষ্ট্য বোঝায়। উদ্ধৃত পরামর্শে 男らしい বলা হয়েছে; এটি ব্যক্তির কথার অর্থ, সার্বজনীন নিয়ম নয়।
3ed5656b1fd705f1|ব্যবস্থা করে দিন যাতে|ようにする সচেতনভাবে সুযোগ বা অবস্থা তৈরি করা। সরাসরি ধন্যবাদ জানাতে পারেন এমনভাবে অতিথিকে আমন্ত্রণের ব্যবস্থা চাওয়া হচ্ছে।
7fbf5784f78c66f2|চাচ্ছে এমন|অন্য ব্যক্তির প্রকাশিত চাওয়া বলতে ほしがる হয়। শিশুটি কাঁদছে ও মিষ্টি চাইছে বলে 欲しがっている উপযুক্ত।
369d2bc6195472e0|পড়লেও আপত্তি নেই|てもかまわない কোনো সম্ভাবনা মেনে নেওয়া বোঝায়। উদ্ধৃত বক্তা মিথ্যা হলে শাস্তিও মেনে নেবেন বলছেন।
fba8d14ec07ef5b8|তার ওপর|うえに একই দিকের দুটি গুণ বা তথ্য যোগ করে। টিভিটি পাতলা এবং তার ওপর মানও ভালো।
fa3fad15f463c900|চলাকালে|বিশেষ্য + の最中に কোনো কাজের মাঝের সময়। ব্যস্ত তদন্ত চলাকালে দীর্ঘ ব্যাখ্যা দেওয়ার অবকাশ নেই।
8fb6025da754d9fd|একই সুযোগে|ついでに মূল কাজ করতে গিয়ে আরেকটি কাজও করা বোঝায়। মুক্তা রেখে দেওয়ার পাশাপাশি জালিয়াতির কাগজ আনতে বলা হয়েছে।
9eb3cd1f9c991f23|হিসেবেও|として পরিচয় বা ভূমিকা, も অতিরিক্ত দিক। তিনি বস হিসেবেও মানুষ হিসেবেও অনুসরণের আদর্শ নন—দুই ভূমিকা বিচার করা হয়েছে।
13d47cbdd3f6b86d|পরীক্ষা করে দেখো|てごらんなさい অপেক্ষাকৃত অনানুষ্ঠানিকভাবে চেষ্টা করার নির্দেশ। 調べてごらんなさい ঘরে গিয়ে পরীক্ষা করে দেখতে বলা হচ্ছে।
f8f1582e10173f24|এখন কথা না বলাই ভালো মনে হচ্ছে|ব্যস্ত দেখাচ্ছে বলে পরিস্থিতি বিচার করে নেতিবাচক পরামর্শ। ないほうがよさそうだ কথা না বলা ভালো মনে হচ্ছে; শোনা খবরのそうだ নয়।
3d1936ae94674165|অতিরিক্ত দেওয়া ভালো নয়|ます-ধাতু + すぎる অতিরিক্ত কাজ। পানি বেশি হলে শিকড় পচে যায় বলে 水をやりすぎるのもよくない।
05ad03a354f44902|কারণ তো|বাক্যের শেষে もの ঘনিষ্ঠ কথায় আবেগসহ কারণ ব্যাখ্যা করে। অন্যদের চেয়ে ভিন্ন বলেই ওই ব্যক্তির প্রতি আকর্ষণ হয়েছে।
06e875131e734926|এই বিষয়টি যে|ということ একটি সম্পূর্ণ বক্তব্যকে বিশেষ্যস্বরূপ করে। বাবার সঙ্গে মিল নেই—এই তথ্যটি নিশ্চিতভাবে বলা যায়।
f4de994a52b7daf4|শুধু এই প্রবল ইচ্ছার কারণে|ばかりに একটি বিশেষ কারণ থেকে ফল বোঝায়। দ্রুত ঘরে ঢোকার ইচ্ছায় এত তাড়াহুড়া যে কথা বলার সময়ও হয়নি।
03bdd480b18f78e4|মনে হয় যেন|ような気がする সরাসরি নিশ্চিত না করে ব্যক্তিগত অনুভূতি বলে। শিশুটিকে দেখে নিজের অতীত রূপ দেখছেন যেন মনে হয়।
2f3601c1bf91a8cc|পড়ে থাকলেও|にしても কোনো ধারণা সত্য ধরে নিলেও পরের মূল্যায়ন অটুট থাকে। জলাভূমিতে পড়লেও এখন উঠে এসেছে—এই অনুমান।
5d507b729322f5bf|কিছুটা|ます-ধাতু বা বিশেষ্যের সঙ্গে 気味 অল্প মাত্রার প্রবণতা। 興奮気味 কিছুটা উত্তেজিত ছিলেন, ঘুমঘুম নয়।
48fe2ad968b7944f|বকুনি খেতাম|受身 叱られる বকুনি পাওয়া; অতীত + ものだ পুরোনো অভ্যাস স্মরণ। পরীক্ষায় খারাপ করলে মায়ের কাছে প্রায়ই বকুনি খেতেন।
b55c42eb27356dc3|বৃষ্টির কারণে|せいで নেতিবাচক ফলের কারণকে দায়ী করে। বৃষ্টির কারণে লাগানো চারা ভেসে গেছে; উপকারী おかげで নয়।
9b44db637be299f3|বই পড়ার মতো কাজ|た-রূপ + りする বিভিন্ন কাজের উদাহরণ। 本を読んだりしています রবিবারে বই পড়াসহ নানা কাজের একটি বলে।
214d8976b10d940a|বসে থাকা চলে না|てはいられない পরিস্থিতির চাপে কোনো অবস্থা চালিয়ে যাওয়া অসম্ভব। সময়সীমা মাত্র এক সপ্তাহ বলে আরাম করে থাকা চলবে না।
3a7ff7a0d1138f8c|যাতে জিততে পারি|সম্ভাব্য ক্রিয়া 勝てる লক্ষ্যস্বরূপ হলে ように হয়। আসন্ন খেলায় জেতার সক্ষমতা অর্জনের জন্য সর্বোচ্চ চেষ্টা করবেন।
e52fbfbb9c2cf575|যাওয়ার পর আর|た-রূপ + きり আগের ঘটনার পরে প্রত্যাশিত পরিবর্তন না হওয়া। বেরিয়ে যাওয়ার পর এখনও ফিরে আসেনি।
ab66a9a14fa8f704|পরে আসার কথা নয়|指輪をしてくる আংটি পরে আসা। দামি হলে অফিসে পরবেন না—বক্তার যুক্তিভিত্তিক অনুমান তাই してこないはず।
c0c569e5bf2794f9|এতটা যে|くらい কোনো কাজ বা অবস্থার মাত্রা ফল দিয়ে বোঝায়। এতটাই উদ্বিগ্ন ছিলেন যে পেটে ব্যথা হয়েছিল।
f9a293889a2e163c|এড়িয়ে চলতে হবে|ないようにする সচেতনভাবে কোনো কাজ না করার চেষ্টা বা নিয়ম। ভূমিকম্পের সময়ে লিফট ব্যবহার এড়িয়ে চলতে বলা হচ্ছে।
62a087b1db1223e0|এই সপ্তাহান্ত নাগাদ পর্যন্ত|ぐらい আনুমানিক সময় এবং まで স্থায়িত্বের শেষসীমা। গরম চলতি সপ্তাহের শেষ নাগাদ পর্যন্ত থাকবে বলে খবর।
8963bbf6881ccc8f|খেতে পারি হয়তো|খাবারের টক স্বাদ অপছন্দ হলেও মিষ্টি জ্যাম খাওয়ার সক্ষমতা হতে পারে। সম্ভাব্য 食べられる + かもしれない অনিশ্চিত অনুমান।
0646ae43a6d319a0|ভয় পাইয়ে দেবেন না|びっくりさせる কাউকে চমকে দেওয়া, তার ないでください না করার অনুরোধ। মানিব্যাগ হারিয়েছে ভেবে শ্রোতা ভয় পেয়েছেন।
7bd0e58f201fb70c|অবশ্যই|遅れる場合は দেরি হলে যোগাযোগ বাধ্যতামূলক বলছে। 必ず নিশ্চয় বা অবশ্যই; 全く পরিমাণ, 決して সাধারণত নঞর্থক বাক্যে।
c612c9c45b360157|তাত্ত্বিক বিচারে|名詞の上で বিচার করার দৃষ্টিকোণ বোঝাতে পারে। 理屈の上で অর্থ তত্ত্ব বা যুক্তির হিসাবে কোম্পানিটি সফল হওয়ার কথা ছিল।
0a32a859e6a9a1df|এই বিষয়টি যে|ということ বক্তব্যকে একটি বিষয় হিসেবে প্রকাশ করে। কোন দিকে যাওয়া উচিত—এটিই সমস্যা বলা হয়েছে।
838984217ad8777d|শুধু এগুলো দিয়ে|だけで উপকরণের সীমা বোঝায়। ময়দা, ডিম ও চিনি দিয়েই তৈরি; মাখন ও দুধ ব্যবহার হয়নি বলে নিশ্চিত।
c28b33c113bb060c|খাবেন|অন্যের কাজকে সম্মান জানাতে お + ます-ধাতু + になる হয়। お飲みになります 社長 কী পান করবেন জানতে সম্মানসূচক রূপ।
8b375c3352a8532b|যাতে ভুল করে খেয়ে না ফেলে|てしまう অনিচ্ছাকৃত সম্পন্ন কাজ, ないように তা প্রতিরোধের উদ্দেশ্য। শিশুর হাতের বাইরে ওষুধ রাখার কারণ ভুল করে খাওয়া ঠেকানো।
0015ddfcea368652|ইমেইলের মাধ্যমে|にて লিখিত আনুষ্ঠানিক ভাষায় উপায় বা মাধ্যম বোঝায়। メールにて মানে ইমেইলের মাধ্যমে সময়সীমার আগে জানাতে হবে।
3333539b8397297c|ফিরে যাওয়া চলে না|わけにはいかない সামাজিক দায়িত্ব বা পরিস্থিতির কারণে কাজ করা চলে না। কাজ অসমাপ্ত বলে বাড়ি যাওয়া ঠিক হবে না।
eff9833b32387fce|দেখা করতে গেলেও|伺う 行く বা訪ねる-এর বিনয়ী রূপ। শিক্ষার্থী শিক্ষকের ঘরে যাওয়ার অনুমতি চাইছেন, তাই নিজের কাজের জন্য うかがっても।
9bf3676391ada447|তুলনায়|わりに প্রত্যাশার তুলনায় ফল আলাদা। কাজ যত কঠিন তার অনুপাতে বেতন কম—এই মূল্যায়ন; বিনিময়ে সুবিধা পাওয়ার কথা নয়।
f430e45f7e3a6fa3|অতিরিক্ত বেশি|い-বিশেষণের い বাদ দিয়ে すぎる অতিরিক্ত মাত্রা হয়। 多い → 多すぎる, টিভিতে অ্যানিমে অনুষ্ঠান বেশি মনে হয়।
6772d9d274fad5ef|মাত্র|しか নঞর্থক ক্রিয়ার সঙ্গে সীমিত পরিমাণ বোঝায়। あと30分しかありません আর মাত্র ত্রিশ মিনিট আছে।
551939f05b4c02c0|সহজ|ます-ধাতু + やすい কাজ সহজ হওয়া। 分かりやすい例文 বোঝা সহজ এমন উদাহরণ; প্রাথমিক শিক্ষার্থীর উপযোগী।
1822daec3d67bee7|মন্দার কারণে|で কোনো অবস্থা বা ঘটনার কারণ বোঝায়। 不景気で অর্থনৈতিক মন্দার ফলে চাকরি পাওয়ার অসুবিধা স্পষ্ট হয়েছে।
9695b926e4cf7f60|বিশ তারিখের মধ্যে|までに কাজ সম্পন্ন করার শেষ সময়। জানুয়ারির বিশ তারিখের মধ্যে টাকা জমা দিতে হবে; まで শুধু স্থায়িত্বের সময়।
9b303bbd91f81ba6|কেন্দ্র করে|名詞を中心に কোনো বিষয়কে কেন্দ্র করে কাজের পরিকল্পনা হয়। ডালাসের কেন্দ্র ঘিরে প্রতিষ্ঠানের ব্যবস্থা নতুনভাবে সাজিয়েছে।
9fee97a0e74b0192|কী অনুশীলন করলে|たら শর্তের পরে সম্ভাব্য ফল। どんな練習をしたら জিজ্ঞেস করছে কী ধরনের অনুশীলন করলে গিটার ভালো বাজাতে পারবে।
3e892262c4d0fd3b|থেকে পর্যন্ত সময়জুড়ে|から〜にかけて আনুমানিক বা বিস্তৃত সময়ের পরিসর। ১৯৯৭ থেকে ১৯৯৯ সাল পর্যন্ত আয় ধারাবাহিকভাবে বেড়েছে।
f2464cd2c197270d|অস্বীকার করা কঠিন|ます-ধাতু + がたい বাস্তব বা মানসিকভাবে করা কঠিন। 否定しがたい事実 অস্বীকার করা প্রায় অসম্ভব এমন সত্য।
488e6f00d0d88807|চুক্তির সময়ে|に際して কোনো গুরুত্বপূর্ণ কাজ করার উপলক্ষ বা সময়। চুক্তি করার আগে সংশ্লিষ্ট সতর্কতাগুলো পড়তে অনুরোধ।
5bb796145eaa5570|এমনকি বাতিও|も এখানে সহজ বা স্বাভাবিক কাজটিও না করার জোর দেয়। ক্লান্তিতে বাতি পর্যন্ত না নিভিয়ে সোফায় ঘুমিয়ে পড়েছেন।
3fdb1e59eceb096b|সত্যিই|後ের しかし-এর আগে একটি দোষ স্বীকার করছেন: たしかに短気だ সত্যিই বদরাগী। তারপর ব্যক্তি খারাপ নন বলে ভারসাম্য করেছেন।
f71bd2bcec3700e0|বিদেশে পড়তে গেলে|なら অন্যের উদ্দেশ্য বা একটি শর্ত ধরে পরামর্শ দেয়।留学するなら পড়তে যাওয়ার ইচ্ছা থাকলে ভিসার আবেদন প্রয়োজন।
6411edc6200f1a4f|নিশ্চয়ই সাহায্য করেছেন|に違いない দৃঢ় অনুমান। বাবাও তাঁকে সাহায্য করেছেন বলে বক্তা নিশ্চিত মনে করছেন; প্রত্যক্ষ প্রমাণের ঘোষণা নয়।
380a324d2925fcb9|মলাটের তথ্য অনুযায়ী|によると খবরের উৎস বা তথ্যসূত্র বোঝায়। মলাট দেখে নাটকের নাম এবং পুরোনো পরিবেশনের সময় জানা গেছে।
c57b9e9b82a4c466|এর মানে|わけだ আগের তথ্যের যুক্তিসঙ্গত ব্যাখ্যা বা ফল। উদ্ধৃত কথায় আঠারো হওয়ার অর্থ আইনগত প্রাপ্তবয়স্ক হওয়া বলা হয়েছে।
80ac0d4fd804b799|স্ত্রীকে শুরু করে|をはじめ একটি প্রধান উদাহরণের সঙ্গে আরও সদস্য যোগ করে। নিজের স্ত্রীসহ বহু সহযোগীকে বিশ্বাসঘাতকতা করেছেন বলা হয়েছে।
d484520d4cfed9a1|শান্ত করার চেষ্টা করছেন|意向形 + としている এখন চেষ্টা বা উদ্যোগের অবস্থা। গভীর শ্বাস দেখে মনে হচ্ছে তিনি মন শান্ত করার চেষ্টা করছেন।
1b53febc622792a4|নামক|という নাম বা পরিচয় দিয়ে বিশেষ্য যুক্ত করে। サユリという名前 সায়ুরি নাম; ওই নামে মাত্র একজন শিক্ষার্থী ছিল।
152a9cd40c93a892|মনে হয়|らしい প্রাপ্ত তথ্যের ভিত্তিতে অনুমান বা শোনা খবর। শিশুর গোপনে বেরিয়ে যাওয়া তিনি জানতেন না বলে মনে হচ্ছে।
5689279feb033664|ব্যবসায়ীদের মতো|っぽい বিশেষ্য থেকে তার বৈশিষ্ট্যসূচক বিশেষণ তৈরি করে। অপরিচিত সংক্ষিপ্ত শব্দে ভরা কথা ব্যবসায়ীদের মতো শোনাচ্ছিল।
84d9819e1d525e47|সাধারণ মানুষের জন্য|向け নির্দিষ্ট ব্যবহারকারী বা ক্রেতার উদ্দেশে তৈরি বা বিক্রি করা বোঝায়। বিশেষজ্ঞ ছাড়াও সাধারণ মানুষের কাছে বিক্রির কথা।
85df100117d923ee|এইমাত্র শেষ করেছি|たところ কোনো কাজ এক্ষুনি শেষ হয়েছে। ちょうど宿題が終わったところ এখনই বাড়ির কাজ শেষ করার অবস্থা।
e150290301c028eb|চেহারা থেকেই|からして সবচেয়ে প্রাথমিক বৈশিষ্ট্য দেখেই মূল্যায়ন শুরু করা। নতুন শিক্ষককে মুখের ভাব থেকেই ভয়ংকর মনে হচ্ছে।
ee4e8334c47329be|চেয়ে আসছিল|অন্য ব্যক্তির চাওয়ার প্রকাশ ほしがる।弟 আগে থেকেই ওই গেম সফটওয়্যার চাইছিলেন বলে買ってもらって আনন্দিত।
4597cd1fd7a30b5a|এইমাত্র বলেছি অথচ|たばかり সদ্য করা কাজ, のに প্রত্যাশার বিপরীত ফল। একটু আগেই নাম শেখানো সত্ত্বেও ভুলে যাওয়ায় বিস্ময়।
dcefbcfa0cf29d1b|উপভোগ করুন|ভদ্র অনুরোধে お + ます-ধাতু + ください হয়। お楽しみください কৃষকের সঙ্গে দুই সপ্তাহের জীবন উপভোগ করতে বলছে।
d0aec95880ea20ea|পারি কি না|かどうか হ্যাঁ-না ধরনের পরোক্ষ প্রশ্ন। সফল হতে পারবে কি না তা নিজের প্রচেষ্টার ওপর নির্ভর করছে।
2236177144b8c846|না হলেও চললে|なくてもよければ অনুপস্থিতি গ্রহণযোগ্য হলে বোঝায়। হোটেল স্টেশনের কাছে না হলেও চলে যদি, তবে একটি জানা আছে।
697fc91268b67356|থামলে ভালো হয়|といいですね কাম্য ফলের আশা প্রকাশ করে। বৃষ্টি তাড়াতাড়ি থামবে আশা করছেন;過去のとよかった নয়।
b63269e727359d4d|জিজ্ঞেস করছি|伺う 聞く-এর বিনয়ী রূপও হয়। অপরিচিত ব্যক্তির কাছে পথ জানতে ちょっとうかがいます বলা হয়েছে।
4c0df8fa57935843|যতই হাঁটি তবু|いくら〜ても পরিমাণ যতই হোক ফল একই থাকে। অনেক হাঁটলেও কষ্ট হবে না বা সমস্যা নেই বলছেন।
9ec8b8cf840f3214|খবরে বলা অনুযায়ী|によると তথ্যের উৎসের পর শোনা খবরের そうだ হয়। ভারতের বাজার বাড়ার খবর সংবাদমাধ্যম থেকে এসেছে।
b1aa655f0eeeba13|পরীক্ষা করার পরে|た上で প্রয়োজনীয় প্রথম কাজ শেষ করে পরের কাজ করা। বিস্তারিত তদন্তের পরে ঘটনার প্রতিবেদন তৈরি হবে।
373bb451f50218b9|আগে দিয়ে রাখবেন কি|ておく প্রয়োজনীয় কাজ আগে করে রাখা এবং てもらえませんか সাহায্যের অনুরোধ। হিরোতাকে নথিটি দিয়ে রাখতে বলা হয়েছে।
8552903afe422cb7|কোনো একদিন|いつか অনির্দিষ্ট ভবিষ্যৎ সময়। ওকিনাওয়ার অভিজ্ঞতা শুনে নিজেও একদিন যেতে চাইছেন;いつでも যেকোনো সময়।
d2ae166f4037c3a7|এইটুকু|ぐらい এখানে সামান্য মাত্রা হিসেবে傷-কে মূল্যায়ন করছে। এতটুকু আঘাতে বড় হইচই করার প্রয়োজন নেই।
eabae35a7c991a79|আমার জন্য|にとって কোনো ব্যক্তির দৃষ্টিতে গুরুত্ব বা প্রভাব বোঝায়। প্রতিদিন গাড়ি চালানো ব্যক্তির কাছে জ্বালানির মূল্যবৃদ্ধি বড় সমস্যা।
bf038809faa0c3fb|গিয়ে দেখলে কেমন হয়|たらどうでしょう নরম ভাষায় পরামর্শ। মাথাব্যথার জন্য A হাসপাতালে গিয়ে দেখার সুপারিশ করছেন।
6b515745a1ec26f0|অন্ধকার হওয়ার আগে|ないうちに এখনো ওই পরিবর্তন হয়নি এমন সময়ে কাজ করা। অন্ধকার নামার আগেই ফেরার প্রস্তাব।
a42b516a195e2381|কারণভিত্তিক|による কোনো ঘটনার কারণ বা ভিত্তি বোঝায়। জাতীয়তা বা লিঙ্গের ভিত্তিতে বৈষম্য অগ্রহণযোগ্য বলা হয়েছে।
6c3c693e68dff5ac|এমনভাবে তৈরি|ようになっている কোনো যন্ত্রের ব্যবস্থা বা কাজ করার নকশা। দাঁড়ালে স্বয়ংক্রিয় পানি নামার ব্যবস্থা আছে।
2e248fc72c60c850|ধীরে ধীরে|次第に সময়ের সঙ্গে ক্রমশ পরিবর্তন। সকালে মেঘলা ছিল, আস্তে আস্তে পরিষ্কার হয়ে দুপুরে পুরো রোদ উঠেছে।
b23291204613c5ab|একেবারেই|さっぱり নঞর্থক ক্রিয়ার সঙ্গে একেবারেই না বোঝায়। শিশুদের কাছে সিনেমার বিষয় সম্পূর্ণ দুর্বোধ্য।
e0492ce116ed20ad|সঙ্গে সঙ্গে ক্রমশ|に連れて একটি পরিবর্তনের সঙ্গে আরেকটি ধীরে ঘটে। বয়স বাড়ার সঙ্গে চোখ ও কানের ক্ষমতা কমছে।
672100ca72e5834d|বলে রাখো|ことにする কোনো সিদ্ধান্ত বা নির্ধারিত বক্তব্য নেওয়া; ておく আগে তা করে রাখা। ফোনে তিনি নেই এমন বলে রাখতে নির্দেশ দিয়েছেন।
bc0445483636c7ac|ঘুরে বেড়িয়ে|ক্রম 悪い → 友達と → 遊んで → ばかり। বন্ধুর সঙ্গে শুধু ঘুরে বেড়ানোর অর্থে 遊んでばかり থাকে; তারকার তৃতীয় খণ্ড 遊んで।
4576cf5e4cfbb7f7|পরিবর্তে|ক্রম 風を引いた → 母に → かわって → 姉が作る। অসুস্থ মায়ের পরিবর্তে বড় বোন রান্না করছেন; にかわって-র জন্য তৃতীয় স্থানে かわって।
d89e2ba1c36b2eb5|মাইক হাতে নিলে|ক্রম 下手な → くせに → マイクを → 持つと। গান ভালো না গাইলেও মাইক ধরলে ছাড়েন না; তৃতীয় খণ্ড マイクを।
4c9660d1a78c6dcd|চেষ্টা করে|ক্রম しないで → いるより → チャレンジして → 失敗した। কিছু না করার চেয়ে চেষ্টা করে ব্যর্থ হওয়া ভালো; তারকায় チャレンジして।
3fffe44a42d755d2|গ্রহণ করে|ক্রম ほめ言葉 → として → 受け取って → おく। প্রশংসা হিসেবে কথাটি গ্রহণ করে নেওয়া অর্থ; তৃতীয় স্থানে 受け取って।
a28154fddb70ba11|এখনও|ক্রম 早く → 行っても → まだ → 開いていない। এত তাড়াতাড়ি গেলেও এখনও দোকান খুলেনি—তাই তারকায় まだ।
04717d5f71621fb8|অনুশীলনে না এসে|ক্রম なのに → ちょっとも → 練習に来ないで → 何をやっていた। গুরুত্বপূর্ণ খেলা থাকা সত্ত্বেও অনুশীলনে আসেনি; তৃতীয় খণ্ড 練習に来ないで।
0eb195933c21e457|কর্ম নির্দেশক|ক্রম わたし → のこと → を → 怒らないで। 私のことを怒らないで আমার ওপর রাগ করো না; তারকায় কর্মের を।
922fa44547fc887c|রেস্তোরাঁ|ক্রম オープンした → ばかりの → レストランが → ある। সদ্য খোলা একটি রেস্তোরাঁ আছে বলতে たばかりの + বিশেষ্য; তৃতীয় খণ্ড レストランが।
8d76d19c0850e336|ভেবে|ক্রম 大丈夫 → だろう → と思って → 出かけた। সমস্যা হবে না ভেবে বেরিয়েছিলেন; উদ্ধৃত অনুমানের পরে と思って তৃতীয় স্থানে।
f59c0fa227595d22|সংক্রান্ত|ক্রম 眼鏡 → の使用 → に関する → アンケート調査। চশমার ব্যবহারসংক্রান্ত সমীক্ষা; পরের বিশেষ্যকে যুক্ত করে に関する।
5ee2ca340528ea9a|সিনেমা|ক্রম ほど → 面白い → 映画は → 今まで। এত মজার সিনেমা আগে দেখেননি—映画は তৃতীয় খণ্ড হয়ে আলোচ্য বিষয় চিহ্নিত করে।
1dd7644f8baf29a7|শিক্ষার|ক্রম 小学校 → をはじめとする → 教育の → 場। প্রাথমিক বিদ্যালয়সহ শিক্ষাক্ষেত্রের কথা; তৃতীয় স্থানে 教育の পরের 場-কে বিশেষিত করে।
271e3eea89dcebbc|বিশেষ্যের সংযোগ|ক্রম から → ほか → の → に। অন্য একটি গান নিতে বলতে ほかのに, যেখানে গান বিশেষ্যটি বাদ গেছে; তারকায় の।
fea35effe760c6e8|সিংহের|ক্রম 生まれた → ばかりの → ライオンの → 赤ちゃんを। সদ্য জন্মানো সিংহশাবক; তারকার তৃতীয় স্থানে ライオンの।
394a3305e571b7b2|উপন্যাস|ক্রম 使わずに → 日本語の → 小説を → 読む। অভিধান ব্যবহার না করে জাপানি উপন্যাস পড়া; তৃতীয় খণ্ড 小説を কর্ম নির্দেশ করে।
2b91b0a8da2e52bb|প্রতি বছর চেষ্টা করতে থাকলে|ক্রম うまく育てなかったが → あきらめないで → 毎年チャレンジしていたら → ようやく। ব্যর্থতার পরও হাল না ছেড়ে চেষ্টা করে শেষে সফল; দীর্ঘ তৃতীয় খণ্ডই তারকার উত্তর।
ea514fbc43e42c4a|বুনে|ক্রম 心を → 込めて → 編んで → セーターを। আন্তরিকতা দিয়ে বুনে সোয়েটার উপহার দিয়েছেন; ক্রিয়ার সংযোগরূপ 編んで তৃতীয় স্থানে।
7488cb8683750a61|করতে দিয়ে|ক্রম したい → と思うことは → やらせて → やりたい। সন্তানের করতে চাওয়া কাজ করতে দেওয়ার ইচ্ছা; やらせてやりたい-তে তৃতীয় খণ্ড やらせて।
a8111c719eefd609|কর্তা নির্দেশক|ক্রম によって → 閉まる時間 → が → 違うから। দিন অনুযায়ী বন্ধের সময় ভিন্ন হয়; 時間が違う-র が তৃতীয় স্থানে।
c263afa6c12e6ec4|জিতে যাই|ক্রম 一千万円の → 賞金が → 当たった → としたら। এক কোটি ইয়েনের পুরস্কার জেতা হয়েছে ধরে প্রশ্ন; তৃতীয় খণ্ড 当たった।
ebfd292a1d463faa|একটু|ক্রম いらっしゃいます → から → すこし → 待って। আসছেন বলে একটু অপেক্ষা করতে বলা; তারকায় すこし।
7ab99f1dad2e963b|কঠিন|ক্রম ことが → どんなに → 大変な → ことか। কোনো কাজ কত কঠিন তা জোর দিয়ে বোঝানো হয়েছে; বিশেষ্য こと-এর আগে 大変な তৃতীয় খণ্ড।
a6b983745d7d6be8|উদ্ধৃত তথ্যের চিহ্ন|ক্রম 4時 → まで → と → なって। নির্ধারিত সময় চারটা পর্যন্ত বলা হয়েছে; উদ্ধৃত সময়সীমার পর と তৃতীয় স্থানে।
ded3d1cd915a577c|বাড়াব কি|ক্রম 基づいて → 給料を → 上げるか → どうか। তথ্যের ভিত্তিতে বেতন বাড়ানো হবে কি না নির্ধারণ; তৃতীয় খণ্ড 上げるか।
ae38fdaa89a900e5|সভায় ব্যবহারের নথির|ক্রম 今日中に → 作らなくてはいけない → 会議の資料の → ことを। আজকের মধ্যে বানাতে হবে এমন সভার নথি সম্পর্কে; তৃতীয় খণ্ড 会議の資料の।
80841660ad8d6c40|সংক্রান্ত|ক্রম によって → 温暖化 → に対する → 意見が। ব্যক্তিভেদে উষ্ণায়ন বিষয়ে মত ভিন্ন; 温暖化に対する意見-এ তৃতীয় খণ্ড に対する।
f57e5e00750715ef|হাল ছেড়ে দেওয়া|ক্রম 失敗した → って → あきらめる → ことはない। ব্যর্থ হলেও হাল ছাড়ার প্রয়োজন নেই; তারকায় あきらめる।
045e3c73780a9470|দেখছেন|ক্রম テレビ → を → 見ている → 人। টিভি দেখছেন এমন ব্যক্তি; 見ている দিয়ে পরের 人-কে বিশেষিত করার জন্য তৃতীয় স্থানে আসে।
4e1c33514239de30|উঁচু পাহাড়ে|ক্রম 年の割に → 元気で → 高い山に → のぼる। বয়সের তুলনায় সুস্থ বলে উঁচু পাহাড়ে ওঠেন; গন্তব্যখণ্ড 高い山に তৃতীয় স্থানে।
108422451e1daa9f|চাইলেও|ক্রম 外に → 出よう → にも → 出られなかった। 出ようにも出られない বের হতে চাইলেও পারা যায় না; তৃতীয় খণ্ড にも।
83dd613ef39cf2c2|সহপাঠীর সঙ্গে ফোনে কথা বলছিলাম যখন|ক্রম ずっと同じ → クラスだった → 友人と電話で話していたら → いつの間にか３時間も। পুরোনো সহপাঠীর সঙ্গে কথা বলতে বলতে তিন ঘণ্টা পেরিয়েছে; দীর্ঘ তৃতীয় খণ্ড তারকায়।
33d23f6c32cc715a|সম্মানসূচক ভাষা|ক্রম お客 → に対しても → 敬語を → 使わなければ। অতিথির প্রতিও সম্মানসূচক কথা ব্যবহার করতে হবে; তৃতীয় খণ্ড 敬語を।
a26c0f5b882c5499|বিষয় নির্দেশক|ক্রম で → 女 → は → 母। আগের তথ্যের সঙ্গে পরিচয় যুক্ত করে নারীর পরিচয় জানানো হচ্ছে; 女は-এর は তৃতীয় স্থানে।
c52eb771b4995782|তার বিনিময়ে|ক্রম 雰囲気も → いい → かわりに → 値段も। পরিবেশ ভালো হওয়ার বিনিময়ে দামও বেশি; তৃতীয় খণ্ড かわりに।
c5e51fbac2c0f7c8|অভিভাবক|ক্রম 子供 → ばかりか → 親 → までも। শুধু শিশু নয়, অভিভাবক পর্যন্ত অন্তর্ভুক্ত; তৃতীয় খণ্ড 親।
fe8044b4b01bcd69|ব্যাখ্যা করলে|ক্রম 表やグラフを → 示しながら → 説明すると → わかりやすく। ছক ও গ্রাফ দেখিয়ে ব্যাখ্যা করলে সহজবোধ্য হয়; তৃতীয় খণ্ড 説明すると।
e48afb901dc6dca9|অদ্ভুত লোকটির দিকে|ক্রম 遠慮 → がちに → 変な男に → 向かって। সংকোচের সঙ্গে লোকটির দিকে মুখ করে; তৃতীয় খণ্ড 変な男に।
f557576fedf6372b|ক্রমশ জনপ্রিয় হচ্ছে|ます-ধাতু + つつある পরিবর্তনের চলমান ধারা বোঝায়। 流行しつつあります প্রোবোনো কাজ ক্রমে জনপ্রিয় হচ্ছে।
e27531b7c8500d9a|এই কাজটি|ক্রিয়া + こと কোনো কাজকে বিশেষ্য করে সংজ্ঞা দিতে ব্যবহৃত। পেশাগত দক্ষতা দিয়ে স্বেচ্ছাসেবা করাই প্রোবোনো।
595cfe31a75935ac|মাধ্যমে|を通して কোনো অভিজ্ঞতার মাধ্যমে ফল অর্জন বোঝায়। প্রোবোনো কাজের মাধ্যমে কর্মীর সক্ষমতা বাড়ে।
677d08313971e64f|উপকারে|会社のためになる কোম্পানিরও উপকার হয়। কর্মীর দক্ষতা বৃদ্ধি প্রতিষ্ঠানের লাভ হিসেবে ব্যাখ্যা করা হয়েছে।
2b6f1bf20a85e646|কাজের ক্ষেত্রে|名詞の上で কোনো কাজের ক্ষেত্র বা দিক বোঝায়। নিয়মিত চাকরিতে ব্যবহৃত দক্ষতা সীমিত, ভিন্ন কাজ আরও দক্ষতা বের করে আনে।
92d999b95e87a83a|ভালো লাগে বলে|বন্ধুটি হাসিমুখে পড়ে ও আনন্দ করে বিষয় বোঝায়। 楽しいから কারণটি লেখকের উপসংহার—আনন্দের সঙ্গে শেখা ফলপ্রসূ—সমর্থন করে।
bb8dfe6f4adc39c4|ভূমিকম্পে পানির সরবরাহ বন্ধ হতে পারে বলে|শূন্যস্থানের পরে মিনারেল ওয়াটার প্রস্তুত রাখার কথা। তাই অনুচ্ছেদের পানির প্রসঙ্গ অনুযায়ী 水道が使えなくなったとき-এর জন্য প্রস্তুতি উপযুক্ত।
3fbac5f8c92f266c|করানো হচ্ছে বা অনুষ্ঠিত হচ্ছে|音読 বিষয়টি নিজে কাজ করে না; শিক্ষায় কার্যক্রমটি করা হয়। 行われています-তে受身রূপে নিয়মিত পাঠাভ্যাস অনুষ্ঠিত হওয়ার অর্থ।
7220e6077682067f|সেই কারণে|কেবল উচ্চস্বরে পড়লে কথা বলার দক্ষতা যথেষ্ট হয় না—আগের যুক্তি। そういうわけで সেই কারণ ধরে শ্রোতার কথা ভেবে পড়ার পরের ধাপ প্রস্তাব করে।
d6668b4cc93b9874|এমন একটি বিষয়|ものだ এখানে পদ্ধতির প্রকৃতি বা সংজ্ঞা বলে। শ্রোতাকে মাথায় রেখে পাঠ করা হয়—এই বৈশিষ্ট্যটিই という点-এর সঙ্গে যুক্ত।
3dd6acbbe029e238|সময় ও সুযোগ ছিল|余裕があった অবকাশ বা সময়ের সুবিধা ছিল। আগের নাটকের তাড়াহুড়ার বিপরীতে নতুন প্রযোজনায় স্বস্তির কথা।
639ca284837394e7|এই ধরনের|ような + বিশেষ্য কোনো ধরন বা উদাহরণ দেখায়। শুটিংয়ের তিন-চার দিন পরই প্রচারের মতো ঘটনাও ঘটত।
da36e1732de6bbdc|শুধু এটুকুও|だけでも কমপক্ষে বা শুধু একটি কাজই যথেষ্ট বলে জোর দেয়। চিত্রনাট্য ভালোভাবে আয়ত্ত করাই কঠিন, অভিনয় আরও অতিরিক্ত কাজ।
7aa0b5f14a05dc0d|কারণে|ため কারণের সঙ্গে ফল যুক্ত করে। অনুভূতিসহ সবকিছু প্রকাশ করতে হয় বলে পরিস্থিতি খুব কঠিন।
f52af364e177f7dd|এমন নয় যে|わけではない পুরো দাবি নাকচ না করে নির্দিষ্ট ধারণা অস্বীকার করে। এবার পরদিনই প্রচারের জন্য শুটিং চলছিল এমন নয়, তাই চরিত্র বিশ্লেষণের সময় ছিল।
