ee117322d100a976|পানীয়|চা দেওয়ার প্রস্তাব থেকে বোঝা যায় পান করার কিছু চাওয়া হচ্ছে। のみもの মানে পানীয়; খাবার বা পোশাকের নাম এখানে নয়।
0e1e3542061d3dd4|খাবেন|ごはんを食べます মানে ভাত বা খাবার খাই। খাবার খাওয়ার সময় জানতে なんじにごはんをたべますか বলা হয়।
0f7daa99af533408|রামেন|おいしい খাবারের স্বাদ বর্ণনা করে। ラーメン হলো নুডলসের খাবার, তাই এই রামেন খুব সুস্বাদু নয়—এই বাক্যে শব্দটি মানায়।
dd133208aa0cc1ef|বাইরে দিন বা বের করুন|ゴミを出す মানে নির্ধারিত জায়গায় আবর্জনা বের করে রাখা। আজ আবর্জনা সংগ্রহের দিন বলে だして অনুরোধটি সঠিক।
04da5049aa1ae4e4|মজবুত|পুরোনো হলেও ব্যাগটির গুণ ভালো—এই বিপরীত ভাব ですが দিয়ে যুক্ত। じょうぶ মানে মজবুত বা টেকসই, যা ব্যাগের জন্য স্বাভাবিক বর্ণনা।
8be530252086f7c6|রাখুন|জিনিস নির্দিষ্ট জায়গায় রাখার ক্রিয়া 置く। তার て-রূপ おいて-এর পরে ください বসে: ছাতাটি সেখানে রাখুন।
ccdda4fead79dd66|আজ আকাশ পরিষ্কার|てんきがいい বলতে ভালো আবহাওয়া বোঝায়। はれています মানে আকাশ পরিষ্কার; দেওয়া বিকল্পে এটিই সবচেয়ে কাছাকাছি অর্থ।
c921889d8f818c81|বড় বোন ইয়ামাদার স্ত্রী হবেন|けっこんする বিয়ে করা। ইয়ামাদাকে বিয়ে করলে বড় বোন তাঁর স্ত্রী হবেন; おくさんになる একই সম্পর্কের পরিবর্তন বোঝায়।
288dbcb904d9ebb4|গতকাল রাতে ইয়ামাশিতাকে ফোন করেছিলাম|ゆうべ অর্থ গতকাল রাত। きのうのよる একই সময় নির্দেশ করে; ফোন করার কাজ ও ব্যক্তিও দুই বাক্যে একই।
4dc36951a9213c3d|গরম|দরজা খুলতে বলার কারণ হিসেবে গরম থাকা স্বাভাবিক। あつい তাপমাত্রা বেশি বোঝায়; আবহাওয়ার গরম লিখতে 暑い হয়।
ea266bd30eeb5a34|বোতাম|ボタンを押す মানে বোতাম টেপা। ওশিতে নির্দেশের সঙ্গে বসার উপযুক্ত বস্তু হলো ボタン।
c995a87b86db39a1|খেলেছিলাম|妹といっしょに庭で遊ぶ ছোট বোনের সঙ্গে বাগানে খেলা বোঝায়। শেষ হওয়া কাজ বলে অতীত রূপ あそびました ঠিক।
3c463e85527434de|একেবারেই|ぜんぜん নঞর্থক ক্রিয়ার সঙ্গে সম্পূর্ণ না হওয়া বোঝায়। ぜんぜん勉強しませんでした মানে একেবারেই পড়িনি।
2bb26bbb14f46b2c|দেশ|国へ帰る মানে নিজের দেশে ফিরে যাওয়া। এখানে কখন দেশে ফিরবেন জানতে いつくにへかえりますか বলা হয়েছে।
22e17db5b505ab96|মানচিত্র|পথ ও ট্রাফিক সিগনাল চেনার জন্য মানচিত্র দেখা হচ্ছে। 地図を見る মানে মানচিত্র দেখা; তাই ちず প্রয়োজন।
760fe8a4472e52a9|ওখানে পোস্টকার্ড ও ডাকটিকিট বিক্রি হয়|ゆうびんきょく ডাকঘর। はがき ও きって বিক্রির কাজটি ডাকঘরের পরিচিত সেবা, তাই এই বর্ণনাটি প্রদত্ত বিকল্পে মেলে।
17c43bc3d14c8e80|এই পাত্রে পানি রাখা যায়|コップ পানীয় রাখার কাপ বা গ্লাস। পানি রাখা যায়—এই ব্যবহারটি কোপ্পুর পরিচয়ের সঙ্গে মেলে; বাক্যে শুধু পাত্রের ধরন চেনানো হচ্ছে।
e8a72556b830693c|বাতি জ্বালান|অন্ধকার ঘর উজ্জ্বল করতে বলা হয়েছে। 電気をつける বাতি জ্বালানো; তাই আলোকিত করার অনুরোধটির ব্যবহারিক অর্থ একই।
b9c03708a3ed03d1|কোথায়|কফি কোথায় কেনেন জানতে কাজের স্থানের প্রশ্ন দরকার। どこで買いますか-তে で কেনার কাজ সংঘটিত হওয়ার জায়গা চিহ্নিত করে।
74d3de5ef14c046e|শব্দ|অভিধান দিয়ে শব্দের অর্থ খোঁজা হয়। ことばの意味を調べる স্বাভাবিক শব্দজোড়া, তাই ことば বসবে।
650bdcd73fe59dc9|প্রবল|風が強い মানে বাতাস প্রবল। বাতাসের শক্তি বর্ণনা করতে つよい ব্যবহৃত হয়; উঁচু বা লম্বার বিশেষণ নয়।
3d149dfdfd3a26f3|ঘুম থেকে উঠি|দশটায় ঘুমানো ও পাঁচটায় ওঠার দৈনিক অভ্যাস বলা হচ্ছে। 起きます মানে ঘুম থেকে উঠি, তাই おきます ঠিক।
0b5274f2472d93a8|এই ব্যক্তি|কাউকে পরিচয় করিয়ে দিতে こちらはスミスさんです বলা হয়। こちら এখানে সম্মানসূচকভাবে এই ব্যক্তি বোঝায়।
e9d7a46ccd78cb93|একটি যান|সাইকেল বা গাড়ির গণনাপদ 台। একটিকে 一台, いちだい, বলা হয়; মানুষ বা বইয়ের গণনাপদ এখানে লাগবে না।
f21bdf7f6b96adf1|রবিবার পার্কে অনেক লোক থাকে|にぎやか মানে প্রাণবন্ত বা লোকজনের ব্যস্ত উপস্থিতি। পার্কে অনেক লোক থাকার বর্ণনা সেই পরিবেশের সবচেয়ে কাছাকাছি বিকল্প।
f6a8cbe2e507bdc2|ওই দিক দিয়ে প্রবেশ করুন|এখানে বের হওয়ার পথ এবং ওই দিকে প্রবেশপথ বলা হয়েছে। あちらから入ってください একই প্রবেশের দিকটি নির্দেশ করছে।
681bf999ec2beab2|এখানকার খাবার সুস্বাদু নয়|খাবারের ক্ষেত্রে まずい মানে স্বাদ খারাপ। おいしくありません সুস্বাদু নয় বলে একই মূল্যায়ন প্রকাশ করে।
a41ff22cf5b6605d|শেখান বা জানিয়ে দিন|কানজি মনে রাখার পদ্ধতি জানতে চাওয়া হচ্ছে। 教えてください মানে দয়া করে শেখান বা জানিয়ে দিন; তাই おしえて ঠিক।
ac94e2a10cc537a5|পার্ক|公園を散歩する মানে পার্কে হাঁটাহাঁটি করা। এখানে を দিয়ে হাঁটার এলাকা চিহ্নিত হয়েছে; こうえん উপযুক্ত জায়গার নাম।
b1125bda3d6a4cb4|কোনো একদিন|ভবিষ্যতের অনির্দিষ্ট দিনে নিজের গাড়ি কেনার ইচ্ছা প্রকাশে いつか হয়। নির্দিষ্ট দিন বা ইতিমধ্যে হওয়া কাজ নয়।
7858af7d6ee959fb|আর একবার|もう一度 মানে আবার একবার। আরও ধীরে বলতে অনুরোধ করার আগে পুনরাবৃত্তির সংখ্যা হিসেবে いちど বসবে।
a888a7cf8fa3dc0a|বাড়ির কাজ|宿題をする হলো বাড়ির কাজ করা। গতকাল যে কাজ সম্পন্ন হয়েছে তার নাম হিসেবে しゅくだい ঠিক।
7617cc531304aa8d|ঝাল|খাবারের স্বাদ বর্ণনায় 辛い মানে ঝাল। この料理はからいです স্বাভাবিক বাক্য; কাজ বা মানুষের গুণের শব্দ নয়।
a804214b42725455|এটি সবজি ও ফলের দোকান|যেখানে সবজি ও ফল বিক্রি হয় তাকে 八百屋 বলে। やおや দোকানের বর্ণনা দেওয়া মূল বাক্যের সঙ্গে মেলে।
f5cd520e18f0779c|দুজন সিনেমা দেখতে যাবেন|সিনেমা হলের প্রবেশপথে দেখা করার পরিকল্পনা আছে। বিকল্পগুলোর মধ্যে একসঙ্গে সিনেমা দেখার কথাটিই ওই পরিকল্পনার সবচেয়ে কাছাকাছি।
d9a6d3f9f64c1ab8|সংবাদপত্র পড়ার সময় নেই|ব্যস্ততার কারণে সংবাদপত্র না পড়ার কথা বলা হয়েছে। পড়ার সময় নেই—এই বক্তব্য কারণটিকে অন্যভাবে প্রকাশ করছে।
feb0c577d54873b3|নিয়মিত যাতায়াত করা|学校に通う মানে স্কুলে নিয়মিত যাওয়া বা পড়তে যাওয়া। একবার শুধু পৌঁছানো নয়, ধারাবাহিক যাতায়াত বোঝাতে かよう ঠিক।
af9fc214040278e7|বলা বা নামে ডাকা হয়|কোনো যন্ত্রের নাম পরিচয় করাতে ラジカセと呼びます বলা হয়। と নামটি উদ্ধৃত করে, 呼ぶ নামে ডাকা বোঝায়।
dc2eba4d423e64d8|জমা দিন|宿題を出す মানে বাড়ির কাজ জমা দেওয়া। শুক্রবার জমা দেওয়ার নির্দেশে 出す-এর て-রূপ だして-এর পরে ください হয়।
174a48db5ff23cf8|মাসের দুই তারিখ|আগামীকাল みっか, মাসের তিন তারিখ, হলে আজ দুই তারিখ। 二日-এর তারিখ হিসেবে বিশেষ পড়া ふつか।
7403865a5e375ad1|পাতলা এবং|বইটি পাতলা ও হালকা—দুটি বিশেষণ যুক্ত হয়েছে। うすい-এর সংযোগরূপ うすくて দিয়ে পরের かるい-এর সঙ্গে যুক্ত হয়।
d1deeb95d70e6a09|নানা রকম|নানা দেশের মানুষ কাজ করেন বলতে いろいろな国の人 হয়। いろいろ বিশেষ্যের আগে な নেয়।
df011e70b8b890b3|ইয়াং আকারে বড় বা লম্বা|せがたかい শরীরের উচ্চতা বেশি বোঝায়। প্রদত্ত বিকল্পে おおきい মানুষের বড় গড়ন বোঝানো কাছাকাছি বর্ণনা; মূল বাক্য বিশেষভাবে উচ্চতা বলছে।
b803f9acfc0d28cd|আটটি থালা রাখুন|ならべる সারি করে সাজানো এবং 置く নির্দিষ্ট জায়গায় রাখা বোঝায়। দুটিতেই টেবিলে আটটি থালা রাখতে বলা হয়েছে; まい সমতল জিনিসের গণনাপদ।
424958b3062b508f|না, তা নয়|ক্যামেরাটি নিজের কি না জিজ্ঞেস করা হয়েছে। いいえ、ちがいます মানে না, তা নয়—এটি নিজের নয় বলে পরিচয়টি সংশোধন করছে।
7b27e42a8926d5c1|আরও|বর্তমানের চেয়ে আরও ধীরে বলতে もっとゆっくり話してください হয়। もっと তুলনামূলকভাবে বেশি মাত্রা বোঝায়।
8aa4b7e3f3344be3|তুষার|তুষার পড়া বলা হয় 雪が降る। এখানে আবহাওয়ার পূর্বাভাসে ゆきがふるそうです, তুষার পড়বে শুনেছি, ঠিক।
fbe69fcbf10e2501|কাজ বা পেশা|কী ধরনের কাজ করতে চান জানতে どんな仕事をしたいですか হয়। しごと পেশা বা কাজের উপযুক্ত বিশেষ্য।
d141083cb5438733|নোট|ノートを取る মানে ক্লাস বা বক্তব্য শুনে নোট নেওয়া। এখানে নোট মন দিয়ে নিতে বলা হয়েছে; 取る-এর সঙ্গে এই শব্দজোড়া স্বাভাবিক।
73870c39288ace22|প্রথমে|つぎに, এরপর, বলার আগে প্রথম কাজটি চিহ্নিত হচ্ছে। はじめに প্রথমে নাম লেখার নির্দেশটি পরের প্রশ্নের উত্তর দেওয়ার সঙ্গে ক্রমে যুক্ত করে।
46fe4f32c76fa251|সভা তিনটায় শেষ হয়েছে|ちょうど তিনটা ঠিক তিনটা বোঝায়। সঠিক বিকল্পে একই শেষ হওয়ার সময় তিনটা আছে; সময় বা কাজের শেষ হওয়ার তথ্য বদলায়নি।
b4c459f5efbfc1ea|পরশু কাজ করব না|仕事を休む মানে কাজ থেকে ছুটি নেওয়া। পরশু ছুটি থাকলে সেদিন কাজ করব না—এই বক্তব্য একই পরিকল্পনা প্রকাশ করে।
e37986cd5e1e0a4f|টয়লেট ওই দিকে|お手洗い টয়লেটের ভদ্র নাম। トイレ একই জায়গাকে বোঝায় এবং あちら ওই দিকের অবস্থান বজায় রাখছে।
476db9d2e5496099|ক্ষমা না চাইলে চলবে না|খারাপ কাজের পরে ごめんなさい বলে ক্ষমা চাওয়া দরকার। あやまらなければいけません-এ নঞর্থক শর্ত ও いけません মিলে বাধ্যবাধকতা বোঝায়।
6b8dc0a40ee7244c|প্রতিযোগিতা|কে সবার আগে কাজ শেষ করতে পারে তা তুলনা করার খেলাকে 競争 বলে। きょうそうしませんか প্রতিযোগিতা করার প্রস্তাব।
4ab4322e66895fce|আঘাত লেগেছিল|頭を打つ মানে মাথায় আঘাত লাগা। দুর্ঘটনায় মাথায় আঘাত পাওয়ার কারণে হাসপাতালে নেওয়া হয়েছে, তাই অতীত রূপ うった ঠিক।
cbf59312ff1cee2f|অনুষ্ঠানের জায়গা|পার্টি কোথায় হবে তা বলা হচ্ছে। 会場 মানে অনুষ্ঠানস্থল; ভবনের পঞ্চম তলা পার্টির かいじょう।
4c7aa6f025ceb8d6|শব্দ বেশি বা বিরক্তিকর|জোরে কথা বলার জন্য সতর্ক করা হয়েছে। うるさい শব্দের জোর বা বিরক্তিকর আওয়াজ বর্ণনা করে।
20e2acdf3a5804ba|যথেষ্ট|কাজ সহজ হলে এক দিনেই যথেষ্ট সময় পাওয়া যাবে। 十分 অর্থ যথেষ্ট; এখানে দশ মিনিট বোঝানো হচ্ছে না।
b0be25e5e8dc1311|ঘুরে বা পথে ঢুকে|郵便局に寄って帰る ফেরার পথে ডাকঘরে ঢুকে যাওয়া বোঝায়। よって হলো 寄る-এর て-রূপ।
9f1d56236d9b2eda|সুজুকি কিছুটা চিকন হয়েছেন|やせる মানে শরীরের ওজন বা মোটা ভাব কমা। ほそくなりました, চিকন হয়েছেন, একই পরিবর্তনের কাছাকাছি বর্ণনা।
3e93ecb2d1ee206f|আমি বিদেশে পড়াশোনা করেছি|留学の経験がある এবং 留学をしたことがある দুটোই বিদেশে পড়ার অভিজ্ঞতা আছে বোঝায়। ことがある অতীত অভিজ্ঞতার রূপ।
bbe14dca879c353c|শিক্ষক জানতে চেয়েছেন কেন ক্লাসে আসেনি|わけ এখানে কারণ। どうして来なかったのか জিজ্ঞেস করা একই অনুপস্থিতির কারণ জানতে চাওয়া।
57f0395a4c7136c7|শিক্ষার্থীরা উৎসাহ নিয়ে কথোপকথন অনুশীলন করেছেন|熱心 নিষ্ঠা ও আগ্রহ বোঝায়। な-বিশেষণটি ক্রিয়া বিশেষিত করতে 熱心に হয়ে অনুশীলনের ধরন বর্ণনা করে।
7eb12b703550c71a|স্বামীকে জন্মদিনে ঘড়ি উপহার দিয়েছি|プレゼントする মানে উপহার দেওয়া। কারও জন্মদিনে ঘড়ি দেওয়ার প্রসঙ্গে শব্দটির স্বাভাবিক ব্যবহার হয়েছে।
a8363bd8f9bb3d09|নাম ডাকলেও কোনো উত্তর আসেনি|返事 নাম ডাকা বা প্রশ্নের জবাব বোঝায়। 名前を呼ぶ-এর পরে 返事がない, কোনো সাড়া নেই, স্বাভাবিক শব্দজোড়া।
7fe0c966178de160|যত্নে বড় করা ফুল ফুটেছে|育てる গাছ বা শিশুকে লালন বা বড় করা। ফুলগাছ যত্ন করে বড় করার ক্ষেত্রে そだてる যথাযথ।
f76d6065940f7003|ওহ বা অবাক হয়ে বলা|কম্পিউটার কাজ না করায় হঠাৎ বিস্ময় প্রকাশ করা হচ্ছে। おや অপ্রত্যাশিত কিছু লক্ষ্য করলে বলা বিস্ময়সূচক শব্দ।
bad4278802d4639f|পরামর্শ করেছি|কাজ ঠিক করার আগে বাবা-মায়ের সঙ্গে আলোচনা বা পরামর্শ হয়েছে। 人に相談する-তে পরামর্শের ব্যক্তির পরে に বসে।
a94d7996b6112a52|জমা দিলে|দেয়া বাড়ির কাজ এখন জমা দেওয়ার অনুমতি চাইছে। 出してもいいですか মানে জমা দিতে পারি কি; てもいい অনুমতির রূপ।
53035bfb22106eb7|সাজিয়ে রেখেছিলাম|অতিথি আসবেন বলে টেবিলে ফুল দিয়ে সাজানো হয়েছে। 花を飾る মানে ফুল সাজানো; তাই かざりました ঠিক।
c13360970837893a|অবশেষে|আনন্দের ছুটি বহুদিনের পর আগামীকাল শেষ হচ্ছে। とうとう অপেক্ষা বা সময়ের ধারার শেষ ফলকে জোর দেয়।
26270f0cbc369984|উৎপাদন|ধান বা চাল উৎপাদনের ক্ষেত্রে 米を生産する বলা হয়। গ্রামের প্রধান উৎপাদনকাজের নাম হিসেবে せいさん বসবে।
173984c1e1442b38|বা তার কম|সর্বোচ্চ পঞ্চাশ হাজার ইয়েন মাসিক ভাড়া চান। 50000円以下 ওই পরিমাণ এবং তার নিচের দাম দুটোই অন্তর্ভুক্ত করে।
fbd1d9d41be3d950|তার ওপর|রাস্তা সরু—এর সঙ্গে গাড়ি বেশি হওয়ার দ্বিতীয় সমস্যাও যুক্ত হচ্ছে। それに মানে তার ওপর বা এছাড়া; এটি তথ্য যোগ করে।
d5caf4ec1e3ad065|তানাকার স্ত্রীকে দ্রুত খবর দিন|連絡する যোগাযোগ করে তথ্য জানানো। 伝えてください খবরটি পৌঁছে দিতে বলছে; দুটোই ওই ব্যক্তিকে দ্রুত জানানোর নির্দেশ।
f9be2b1acf52c6c2|প্রথমে এই কাজ করুন|まず প্রথম কাজ বা অগ্রাধিকার বোঝায়। はじめに একই শুরুর ক্রম প্রকাশ করে।
81193545052f0b1b|ওগাওয়াকে দুঃখিত বলেছি|謝る মানে ক্ষমা চাওয়া। ごめんなさい বলা ক্ষমা চাওয়ার সরাসরি ভাষিক রূপ; একই কাজ হয়েছে।
595364a964e8e7a6|সুন্দরভাবে অক্ষর লিখুন|ていねいに মনোযোগ ও যত্ন নিয়ে কাজ করা বোঝায়। লেখার ক্ষেত্রে きれいに লিখতে বলা সেই যত্নের ফলকে প্রকাশ করে।
de74b4eca6f48649|অপ্রয়োজনীয় জিনিস এখানে ফেলুন|捨てる ব্যবহার না করার জিনিস ফেলে দেওয়া বোঝায়। いらない物を捨てる শব্দটির স্বাভাবিক প্রয়োগ।
7c2a0aea2e8caac7|আজ বিশেষ করে ঠান্ডা|寒い আবহাওয়া বা শরীরের ঠান্ডা অনুভূতি বোঝায়। 今日 বিশেষ করে ঠান্ডা বলা এই বিশেষণের যথাযথ ব্যবহার।
9129ff4afdc436bf|একা থাকায় মাঝে মাঝে নিঃসঙ্গ লাগে|寂しい সঙ্গের অভাবে একাকী লাগা বোঝায়। একা বাস করার ফলে এই অনুভূতি হওয়া শব্দটির স্বাভাবিক প্রসঙ্গ।
f4b3d2fe9e8dddd2|প্রতিদিন ঘর গুছাও|片付ける এলোমেলো জিনিস সাজিয়ে জায়গা পরিষ্কার রাখা বোঝায়। へやを片付ける মানে ঘর গুছানো।
bbd6f6023678202a|যতই|いくら〜ても মানে যতই কিছু করা হোক না কেন। যতই বেশি খাই, দ্রুত ক্ষুধা পায়—এই অপ্রত্যাশিত ফল বোঝাতে রূপটি হয়।
5c80b1beb664d9fd|গভীর|নদীর গভীরতার জন্য বিপজ্জনক বলা হচ্ছে। 深い মানে গভীর; উচ্চতা বা দৈর্ঘ্য বোঝানোর শব্দ নয়।
efcb1f388bdc29d6|দুঃখ পেয়েছিলাম|মায়ের মৃত্যুর কারণে দুঃখ হওয়ার অনুভূতি প্রকাশে 悲しい ব্যবহৃত হয়। অতীত ঘটনার মূল্যায়নে かなしかったです ঠিক।
4ed9e66d9d1a63dc|গেম বা খেলা|বাইরে খেলার চেয়ে একা গেম খেলা পছন্দ। ゲームをする একটি স্বাভাবিক ক্রিয়া-শব্দজোড়া।
2e41b08f771d165c|তুলনা করেছি|দুজনের উচ্চতার মিল বা পার্থক্য দেখার কাজ 比べる। তাই বড় ভাইয়ের সঙ্গে উচ্চতা くらべました, তুলনা করেছি, ঠিক।
414b37a826b14ed8|লজ্জা পেয়েছিলাম|নিজের ব্যক্তিগত ডায়েরি বন্ধু দেখে ফেলায় লজ্জা হয়েছে। 恥ずかしい এই অস্বস্তি বা লজ্জার অনুভূতি প্রকাশ করে।
b614dac1c502397f|ভ্রমণের উপহার|কারও ভ্রমণ থেকে আনা স্মারক বা উপহার হলো お土産। 旅行のおみやげ পাওয়া—এই শব্দজোড়া মানানসই।
437a08a99d2b4dce|ভয় লাগে|অন্ধকার রাস্তা ভয় সৃষ্টি করছে। こわい ভয় লাগা বা ভয়ঙ্কর হওয়া বোঝায়।
d8492e52e4225f10|সকালের ট্রেনে অনেক লোক থাকে|混んでいる ভিড় থাকা বোঝায়। ট্রেনে অনেক মানুষ থাকার বাক্যটি একই ভিড়ের অবস্থা প্রকাশ করে।
dc699a2d931ca512|নিষ্ঠার সঙ্গে বক্তৃতা শুনছি|一生懸命 সম্পূর্ণ মনোযোগ ও চেষ্টা দিয়ে কাজ করা। 熱心に আগ্রহ ও নিষ্ঠার সঙ্গে একই শোনার ভঙ্গি বোঝায়।
3a2162e4e21e2724|সব মিষ্টি খেয়ে ফেলেছি|ひとつものこっていない মানে একটিও বাকি নেই। প্রদত্ত বিকল্পে সব খাওয়া শেষ হয়েছে বলা সেই অনুপস্থিতির সঙ্গে মেলে।
dba64649f78fb729|এই রাস্তা রাতে বিপজ্জনক|危険 এবং 危ない দুটোই বিপদের অবস্থা বোঝায়। সময় ও জায়গা একই রেখে きけん-কে あぶない বলা হয়েছে।
f7e56a36f049ea75|বোতাম টিপলাম, তারপর দরজা খুলল|すると আগের ঘটনার পরে তার ফল ঘটার সংযোগ। বোতাম চাপার ফলে দরজা খোলা—এই প্রসঙ্গে এর ব্যবহার ঠিক।
845859a9f6d908d8|রবিবার সাধারণত খেলাধুলা করি|たいてい সাধারণত বা বেশির ভাগ সময় বোঝায়। নিয়মিত রবিবারের অভ্যাসের বর্ণনায় শব্দটি মানায়।
73b14859f5f9dc28|খাবারের প্রস্তুতি শেষ|支度 প্রয়োজনীয় প্রস্তুতি বোঝায়। 食事の支度 খাবার খাওয়ার বা রান্নার আয়োজনের স্বাভাবিক নাম।
0b99212b31f2a53d|পানি ফুটিয়ে কফি খাই|沸かす পানি বা তরল ফুটানো। お湯を沸かす কফির জন্য পানি ফুটিয়ে নেওয়ার সঠিক প্রয়োগ।
6dc4c83575e4a405|অনুষ্ঠান বা প্রোগ্রাম|টেলিভিশনে দেখানো একটি অনুষ্ঠানকে 番組 বলে। 今夜テレビの番組 আজ রাতের টিভি প্রোগ্রাম বোঝায়।
ab96c46f9274bd76|এবার বা শিগগির|ক্ষুধা পেয়েছে বলে এবার খাবার খেতে যাওয়ার সময় হয়েছে। そろそろ কোনো কাজ শুরু করার উপযুক্ত সময় ঘনিয়ে আসা বোঝায়।
9e9244cc0669b016|যতটা সম্ভব|শোনা যাচ্ছে না বলে যতটা সম্ভব জোরে কথা বলতে বলা হয়েছে। なるべく সর্বোচ্চ সম্ভব চেষ্টা বা মাত্রা বোঝায়।
f029a0b9fc194af8|লাগিয়েছিলাম|গাছ রোপণের ক্রিয়া 植える। 山に木を植えました মানে পাহাড়ে গাছ লাগিয়েছিলাম।
e6b2588859df08ac|নরম|রুটির গঠন নরম বোঝাতে 柔らかい হয়। やわらかいパン পছন্দের খাবারের ধরনের স্বাভাবিক বর্ণনা।
f89414b4cce088cc|সহজে পিছলে যায়|ভেজা সিঁড়িতে পিছলে যাওয়ার সম্ভাবনা বেশি। 滑る-এর ます-ধাতু + やすい হয়ে すべりやすい, সহজে পিছলে যায়।
9b26b68556faeb02|ছোট ছোট করে|細かい ছোট বা সূক্ষ্ম টুকরা বোঝায়। কাটার ক্রিয়াকে বিশেষিত করতে こまかく切ってください, ছোট করে কাটুন, হয়।
f98fd05a0618f9db|রিপোর্ট|কোনো বিষয় নিয়ে লেখা প্রতিবেদন হলো レポート। জাপানি সংস্কৃতিについて রিপোর্ট লেখা—এই শব্দজোড়া মানানসই।
8cd3974ff7f9e13a|প্রাণীর যত্ন নিন|প্রাণীকে অত্যাচার না করার নির্দেশের কাছাকাছি হলো প্রাণীকে গুরুত্ব ও যত্ন দেওয়া। 大切にする ভালোভাবে দেখাশোনার ভাব প্রকাশ করে।
4f794847ff8f0619|চিকিৎসক ও নার্স এই ঘরে ঢুকতে পারেন|いがい মানে ছাড়া। চিকিৎসক ও নার্স ছাড়া আর কেউ ঢুকবেন না বললে ওই দুদলের ঢোকার অনুমতি আছে—এই তথ্যটি ঠিক।
ef09a2e80cd9d261|গতরাতে খুব সুন্দর সংগীত শুনেছি|すばらしい চমৎকার অভিজ্ঞতার মূল্যায়ন। কনসার্টে সুন্দর সংগীত শোনার বিকল্পটি সেই ইতিবাচক মূল্যায়নের কাছাকাছি।
747a67d7836d1cf6|জাপানি পড়ার পরিকল্পনা আছে|つもり নিজের ইচ্ছা বা পরিকল্পনা বোঝায়। 予定 ভবিষ্যৎ পরিকল্পনা; দুই বাক্যেই জাপানি পড়ার উদ্দেশ্য আছে।
c14ce1623d0eec24|এখানে গাড়ি বেশি, তাই বিপজ্জনক|多い পরিমাণ বেশি বোঝায়। 車が多い-তে が দিয়ে যে জিনিসের সংখ্যা বেশি তা চিহ্নিত; বাক্যটির ব্যবহার সঠিক।
40d4a6359aee3c27|সবার সামনে নিজের মতামত বলেছি|意見 কোনো বিষয় সম্পর্কে ব্যক্তিগত মত। 自分の意見を言う সেই মত প্রকাশের স্বাভাবিক প্রয়োগ।
9c7422d93b5b9da8|দল নিয়ে খাব বলেই রেস্তোরাঁ বুক করেছি|予約 ভবিষ্যতে সেবা বা জায়গা সংরক্ষণ। সবাই মিলে খাওয়ার আগে レストランを予約する যথাযথ ব্যবহার।
7ba5a185b07267fc|বন্ধুকে নিতে বিমানবন্দরে গিয়েছি|迎える আগত ব্যক্তিকে অভ্যর্থনা বা নিতে যাওয়া। 友達を迎えに空港へ行く বন্ধুকে আনতে যাওয়ার স্বাভাবিক বাক্য।
1e7f2730aff891c2|ক্যাশ কাউন্টার|দোকানে টাকা দেওয়ার জায়গা レジ। রসিদ ও মূল্য পরিশোধের প্রসঙ্গে レジで払う হয়।
59deff4a98be9a3b|দুঃখজনক বা আফসোস|পার্টিতে অংশ নিতে পারবেন না বলে আফসোস করছেন। 残念 এই হতাশা বা প্রত্যাশা পূরণ না হওয়ার মূল্যায়ন।
896d357cabcc523a|হিটার বা ঘর গরম করার ব্যবস্থা|ঘর উষ্ণ করতে 暖房をつける হয়। だんぼう হিটার বা গরম করার ব্যবস্থা বোঝায়।
5637d4017bc61c0f|গুরুত্বপূর্ণ|শিক্ষক গুরুত্বপূর্ণ কথা বলতে যাচ্ছেন। 大事 একটি な-বিশেষণ, তাই 話-এর আগে だいじな হয়।
cb97784a12ff5ee0|চিবিয়ে|শক্ত মাংস ভালো করে চিবিয়ে খেতে হবে। 噛む-এর て-রূপ かんで দিয়ে খাওয়ার আগে বা সঙ্গে চিবানোর কাজ যুক্ত হয়।
943d68e525b679ea|শহরতলি|বড় শহরের বাইরের আবাসিক এলাকাকে 郊外 বলে। 東京の郊外-তে ছোট বাড়ি কেনার জায়গা হিসেবে こうがい ঠিক।
8dab7153d7a13c09|যোগাযোগ|কেউ অনুপস্থিত হলে ফোনে খবর দিতে বলা হচ্ছে। 電話で連絡する যোগাযোগের মাধ্যম ও কাজের স্বাভাবিক শব্দজোড়া।
71ae09b1537c30d8|আফসোস বা দুঃখজনক|বন্ধু পার্টিতে যেতে না পারার খবর দিয়েছেন। 残念ですね দিয়ে প্রত্যাশা পূরণ না হওয়ার আফসোস জানানো হয়।
787b9e022ef0a40e|আগে অনেক মানুষ স্কুলে যেতে পারতেন না|শিক্ষা পাওয়ার সুযোগ খুব কম মানুষের ছিল বলা হয়েছে। বহু মানুষের স্কুলে যেতে না পারা একই সীমিত সুযোগের অবস্থা বোঝায়।
13f469c7f50372b5|নির্ধারিত সময়ের পরে পৌঁছেছি|間に合わない সময়ের মধ্যে পৌঁছাতে না পারা। 遅れる দেরি করা; নির্ধারিত সাক্ষাতের সময়ের ক্ষেত্রে একই ফল।
9c1d66fe2832f801|অভ্যর্থনায় নাম ও বাসস্থানের ঠিকানা লিখেছি|ご住所 ঠিকানার ভদ্র নাম। すんでいるところ বসবাসের জায়গা; নাম ও ঠিকানা লেখার নির্দেশই দুই বাক্যে আছে।
4baa6f7a74b13448|তানাকা নানা জায়গায় থাকতে পছন্দ করেন|引っ越し বাসা বদলানো। সেটি শখ হলে নানা জায়গায় বসবাস পছন্দ করা সবচেয়ে কাছাকাছি বর্ণনা।
fd40c117e7dd4754|পড়ার পদ্ধতি নিয়ে শিক্ষককে পরামর্শ চেয়েছি|相談する সিদ্ধান্ত বা সমস্যার বিষয়ে পরামর্শ চাওয়া। 勉強のしかたを先生に相談する সেই শব্দটির সঠিক ব্যবহার।
30fade846830ee9b|রবিবার শার্ট ও প্যান্ট ধুই|洗濯 কাপড় ধোয়া। পোশাকের シャツ ও ズボン-কে 洗濯する বলা স্বাভাবিক।
0b084595e984a134|শিশু দ্রুত বড় হচ্ছে|どんどん ধারাবাহিক বা দ্রুত অগ্রগতি বোঝায়। শিশুর ক্রমে বড় হওয়াকে বিশেষিত করতে এই শব্দটি হয়।
aa5ef6fd0f564bea|অবশেষে পরীক্ষার দিন এসেছে|とうとう দীর্ঘ সময় বা অপেক্ষার পরে ফল ঘটার ভাব দেয়। পরীক্ষার দিন এসে যাওয়ার প্রসঙ্গে শব্দটি ঠিক।
6ae7e03eacdb9b9e|অবশ্যই|প্রতিদিন রিভিশন নিশ্চিতভাবে করতে নির্দেশ দেওয়া হয়েছে। 必ず কাজটি বাদ না দিয়ে অবশ্যই করার অর্থ প্রকাশ করে।
6f7cc5cd1656606b|তিতা এবং|ওষুধ তিতা বলে খাওয়া কঠিন। 苦い-এর て-সংযোগরূপ にがくて কারণের বর্ণনাকে のみにくい-এর সঙ্গে যুক্ত করছে।
88b9f29959fa857b|অথবা|সভা হওয়ার সময় পোস্টকার্ড অথবা ফোনে জানানো হবে। または বিকল্প দুটি মাধ্যমের মধ্যে একটি ব্যবহারের অর্থ দেয়।
dcf1a33cdac0da37|সুযোগ|কাছে আসার সুযোগ হলে ঘুরে যেতে বলা হচ্ছে। 機会 কোনো কাজ করার সুযোগ; যন্ত্রের 機械 নয়।
18d15ad598edec90|থেমেছে|雨がやむ বৃষ্টি থামা বোঝায়। やっと-এর পরে やみました থাকলে অবশেষে বৃষ্টি থেমেছে হয়।
943c48a317d1c6f8|যান বদলান|এক স্টেশনে নেমে বাসে ওঠা হলো 乗り換える। のりかえてください-তে যান বা রুট বদলানোর অনুরোধ।
9e9fe7d193bbec71|আসা যায়|来る-এর সম্ভাব্য রূপ 来られる। バスで一時間でこられます মানে বাসে এক ঘণ্টায় আসা যায়।
7ef909800076261c|ছোট|বাড়িতে ছোট শিশু থাকায় প্রাণবন্ত পরিবেশ। 小さい子ども শিশুদের বয়স বা ছোট গড়নের স্বাভাবিক বর্ণনা।
1224d7bdd6062cfd|ফুটবল খেলার লোক বেড়েছে|盛ん কার্যক্রম বেশি হওয়া বা জনপ্রিয়তা বাড়া বোঝায়। ফুটবল খেলা লোক বাড়ার বক্তব্য সেই সক্রিয়তার কাছাকাছি অর্থ।
f3d85f6f99778572|এই প্রশ্নে অনেকের ভুল হয়|間違えやすい সহজে ভুল হওয়ার সম্ভাবনা বোঝায়। অনেকের ভুল হওয়ার বর্ণনা সেই কঠিন প্রশ্নের বৈশিষ্ট্যের সঙ্গে মেলে।
0a2abc2c450a9134|গতকালের বাড়ির কাজ সহজ ছিল|簡単 এবং 易しい কাজ বা প্রশ্ন সহজ হওয়া বোঝায়। অতীত রূপ かんたんでした ও やさしかったです একই মূল্যায়ন।
f09c7988b48aaa8c|কোম্পানির প্রধান কঠোর মানুষ|厳しい নিয়ম বা আচরণে কঠোর। মানুষের আচরণ বর্ণনা করতে 厳しい人 স্বাভাবিক প্রয়োগ।
a7ad7611fe8e1f8f|উপহার পাওয়ায় ধন্যবাদ জানিয়েছি|お礼 কৃতজ্ঞতা বা ধন্যবাদ। উপহার পাওয়ার পরে お礼を言う ওই কৃতজ্ঞতা প্রকাশের স্বাভাবিক কাজ।
626de06bc8c5bc69|ছোট বোন উপহার পেয়ে আনন্দিত|喜ぶ কোনো সুখবর বা উপহারে আনন্দ পাওয়া। উপহার পাওয়ার প্রতিক্রিয়া হিসেবে よろこんでいる সঠিক।
43e28f15fe896462|শিশুটি ছোট হলেও বিচক্ষণ|しっかりしている নির্ভরযোগ্য, পরিণত বা বিচক্ষণ হওয়া বোঝায়। ছোট বয়স হলেও দায়িত্বশীল শিশুর বর্ণনায় শব্দটি মানায়।
5700c8ccb00da751|ভলিবল|খেলা বা শখের নামের সঙ্গে をする হয়। バレーボールをする ভলিবল খেলার স্বাভাবিক শব্দজোড়া।
79e41ccd4bf45031|কণ্ঠ বা আওয়াজ|শিশুর কান্নার শব্দকে 泣く声 বলে। মানুষের বা প্রাণীর কণ্ঠস্বর বোঝাতে こえ, বস্তুর সাধারণ 音 নয়।
d2cf7f0200424bcc|দুটি যান|সাইকেল গণনায় 台 ব্যবহার হয়। 二台 পড়া にだい; দুটি সাইকেল থাকার সংখ্যা এইভাবে বলা হয়।
411233a5fb3b019b|আনন্দিত হয়েছিলাম|বিশ্ববিদ্যালয়ে ভর্তি হতে পারার সাফল্যে আনন্দ হয়েছে। うれしい এই অনুভূতি; অতীত মূল্যায়নে うれしかったです হয়।
97fc1e8efc58e9ae|ধন্যবাদ|কেউ পথ দেখিয়ে সাহায্য করেছেন বলে কৃতজ্ঞতা বলা হয়েছে। お礼を言う মানে ধন্যবাদ জানানো।
0924a8287a9feb60|একবার|নিজের বাড়িতেও একবার ঘুরে যেতে আমন্ত্রণ করা হচ্ছে। 一度 একবার বোঝায়; সময়ের নির্দিষ্ট ঘণ্টা নয়।
20a967c0c088f950|বুকিং|সাতটার জন্য রেস্তোরাঁর জায়গা আগে সংরক্ষণ করা হয়েছে। 予約してある বুকিং করা অবস্থায় আছে বোঝায়।
0595125f5bd371f8|নিশ্চিতভাবে|গতকাল চাবিটি এখানে ছিল বলে স্মৃতির নিশ্চয়তা জানানো হচ্ছে। たしかに নিশ্চিতভাবে বা নিঃসন্দেহে বোঝায়।
5022dc6f61aee5fc|ওই রেস্তোরাঁয় সবসময় ক্রেতা কম|空いている ভিড় কম থাকা বোঝায়। রেস্তোরাঁর ক্রেতা কম—এই বর্ণনা একই অবস্থা প্রকাশ করে।
9540eefc2562b685|কম যাত্রী থাকা ট্রেন এসেছে|すいている電車 মানে ট্রেনের ভিড় কম। 乗っている人が少ない একই কম যাত্রীর অবস্থা বোঝায়।
35ccbd080340177a|বাবা বাইরে গেছেন|留守 ঘরে অনুপস্থিত থাকা। 父は出かけています বাবা বেরিয়েছেন বলে একই অনুপস্থিতির কারণসহ বর্ণনা দেয়।
f770988818b84a7d|খবর শুনে অবাক হয়েছিলাম|びっくりする এবং 驚く দুটোই বিস্ময় বা অবাক হওয়া বোঝায়। খবরটি শোনার প্রতিক্রিয়া দুই বাক্যে একই।
f25bfbde5d35876e|কারও পায়ে পা পড়ায় ক্ষমা চেয়েছি|謝る নিজের ভুলের জন্য ক্ষমা চাওয়া। অপরিচিতের পায়ে পা পড়ে যাওয়ার পরে ক্ষমা চাওয়ার ব্যবহার সঠিক।
bfda39eace94a95c|পুলিশ দুর্ঘটনার কারণ তদন্ত করছে|原因 কোনো ঘটনা কেন ঘটেছে তার কারণ। 事故の原因を調べる দুর্ঘটনার কারণ অনুসন্ধানের স্বাভাবিক শব্দজোড়া।
4378d1cf110da260|তানাকা শিক্ষক কঠোর মুখভঙ্গি করেছেন|厳しい আচরণের পাশাপাশি কঠোর মুখের ভাবও বোঝাতে পারে। 厳しい顔 কঠোর বা গম্ভীর চেহারার স্বাভাবিক বর্ণনা।
dea495e58a563a5e|যত সতর্কই করি, শান্ত হয় না|いくら〜ても কোনো কাজ বারবার বা অনেক করেও ফল না বদলানো বোঝায়। যত সতর্ক করি তবুও চুপ হয় না—এই রূপে সঠিক ব্যবহার।
622f28edcc4397c5|আগ্রহ|কোনো বিষয়ে আগ্রহ থাকাকে 興味がある বলে। 日本の文学に興味がある জাপানি সাহিত্যে আগ্রহ বোঝায়।
3159d29c82f49139|জানিয়ে দিন|তানাকার ফোন নম্বর জানতে অনুরোধ করা হয়েছে। 教えてください মানে দয়া করে তথ্যটি জানান।
d6efd5c5d3a3e810|অতটা|প্রশংসার উত্তর বিনয়ের সঙ্গে কমিয়ে বলা হচ্ছে। それほどでもありません মানে অতটা নয়; এটি অতিরিক্ত প্রশংসা নম্রভাবে গ্রহণের রূপ।
bec2c8b8f8b2b99b|পথ দেখানো বা ঘুরিয়ে দেখানো|কেউ নতুন জায়গায় গেলে তাকে পথ বা দর্শনীয় জায়গা দেখানো হলো 案内する। 東京で案内してくれた সেই সাহায্য বোঝায়।
4d369adcdc2cfa3f|ঝগড়া|কারও সঙ্গে বিবাদের ফলে আঘাত পেয়েছে। 人とけんかする-তে と ঝগড়ার অপর ব্যক্তিকে চিহ্নিত করে।
8af94fce0d68f647|বাণিজ্য|দেশগুলোর মধ্যে পণ্য কেনাবেচা হলো 貿易। アジアの国々との貿易 দেশগুলোর সঙ্গে বাণিজ্য বোঝায়।
0b7d77519359e07b|অবশেষে|প্রশ্ন কঠিন ছিল কিন্তু চেষ্টা শেষে উত্তর বুঝেছে। やっと দীর্ঘ চেষ্টা বা অপেক্ষার পর সফল হওয়ার ভাব দেয়।
9e6c9900cb311b59|বিকল হয়ে|যন্ত্র নষ্ট হওয়া 故障する। গাড়ি বিকল হয়ে আর চলে না—এই কারণ ও ফলের সংযোগে こしょうして ঠিক।
c9848cd4d14bcc64|এটি চিত্রশালা বা শিল্প জাদুঘর|সুন্দর ছবি বা শিল্প দেখানোর প্রতিষ্ঠান 美術館। মূল বাক্যের জায়গাটির বর্ণনার সঙ্গে びじゅつかん মেলে।
fefd65a8d11f6d92|আগামীকাল শিক্ষকের বাড়িতে যাব|伺う গিয়ে দেখা করার বিনয়ী রূপ এবং 参る যাওয়া বা আসার বিনয়ী রূপ। নিজের শিক্ষকের বাড়িতে যাওয়ার কাজে দুটোই মানায়।
9afe769d4f9e1034|শিশুটি বাবার কাছে বকুনি খেয়েছে|叱る বকুনি দেওয়া এবং 怒る এই প্রসঙ্গে রাগ করে বকা দেওয়া। উভয়ের প্যাসিভ রূপ শিশুর বাবার কাছে বকুনি খাওয়ার তথ্য দেয়।
50b668d411e444ac|এক নম্বর অথবা দুই নম্বর ঘরে যান|または এবং か বিকল্প দুটির মধ্যে একটি বাছার সংযোগ। দুই বাক্যেই এক বা দুই নম্বর ঘরে যাওয়ার একই নির্দেশ।
231ff6fa76c223db|কাল বৃষ্টি হলে খেলা বাতিল করব|中止 নির্ধারিত কাজ না করা বা বাতিল। 雨だったら試合を中止する আবহাওয়ার কারণে খেলা বন্ধের যথাযথ প্রয়োগ।
de08d2897381eed9|কাছে আসার সুযোগ হলে বেড়াতে আসুন|機会 সুযোগ বোঝায়। 近くに来る機会があったら আসার সুযোগ পেলে দেখা করার স্বাভাবিক আমন্ত্রণ।
adc3e321f518a31b|এই শহর রাতেও নিরাপদ|安全 বিপদ বা ঝুঁকি নেই বোঝায়। জায়গাটির রাতের নিরাপত্তা বর্ণনায় 安全です যথাযথ।
a60e9aa1308b86a8|শিক্ষককে কেক দিয়েছি|差し上げる নিজের থেকে সম্মানিত কাউকে কিছু দেওয়ার বিনয়ী রূপ। 先生にケーキを差し上げる তাই সঠিক প্রয়োগ।
fed206a607af00f0|পুরোনো দিনের স্মৃতি মনে পড়ে ভালো লাগল|懐かしい আগে পরিচিত সুখের সময়কে আবার মনে করার অনুভূতি। শৈশবের পার্কের পুরোনো ছবি দেখে なつかしくなった হয়।
c6e14b9952cbdd4f|শারীরিক অবস্থা|体の調子が悪い শরীর ভালো না থাকা বোঝায়। অসুস্থ হয়ে স্কুলে না যাওয়ার প্রসঙ্গে 調子 সঠিক।
33c4040e46eca3ad|অফিসের কাজে সফর|出張 কাজের প্রয়োজনে বাইরে যাওয়া। সভার জন্য বিভাগীয় প্রধানের সঙ্গে আমেরিকা যাওয়া ব্যক্তিগত বেড়ানো নয়, তাই 出張する।
5745888aac239a59|উদ্দেশ্যহীনভাবে ঘুরে বেড়ানো|ぶらぶらする নির্দিষ্ট গন্তব্য বা তাড়া ছাড়া ঘুরে বেড়ানো। শহরে ঘোরার সময় পরিচিতের সঙ্গে দেখা হওয়ার প্রসঙ্গে মানায়।
9fd4c9806753c3f3|মনোযোগ|注目を集める অনেকের দৃষ্টি বা আগ্রহ আকর্ষণ করা। নতুন চলচ্চিত্রটি সবার মনোযোগ পাচ্ছে বলে 注目 ঠিক।
9e0f7ba794e16eda|নিজের মত জোর দিয়ে বলা|主張する নিজের বক্তব্য দৃঢ়ভাবে জানানো। সভায় সবাই নিজ মত ধরে রাখায় সভা শেষ হতে দেরি হয়েছে।
13158e9a43f7cc89|বারবার বিরক্তিকরভাবে|しつこい লেগে থাকা বা বিরক্তিকর পুনরাবৃত্তি বোঝায়। বারবার না বললেও অনুরোধ চলতে থাকায় しつこく, ক্রিয়া বিশেষিত রূপ, ঠিক।
88851ede02051390|প্রায় বা কমবেশি|সংখ্যার পরে 前後 কমবেশি ওই পরিমাণ বোঝায়। 1000個前後 মানে প্রায় এক হাজারটি, ঠিক এক হাজারের নিশ্চয়তা নয়।
8bf51943993c98e7|এক পাশ বা একটিমাত্র|দস্তানা সাধারণত জোড়া। 片方しか見つからない মানে জোড়ার কেবল একটিই পাওয়া যাচ্ছে।
8d4e120e64ad116f|একত্র করে|力を合わせる একসঙ্গে শক্তি বা চেষ্টা যুক্ত করা। দল হিসেবে খেলা জেতার জন্য সবাই সহযোগিতা করবে—এই অর্থে 合わせて।
d6a7349e46df4ef9|কল্পনা|ভবিষ্যতের নিজেকে মনে মনে চিন্তা করা হলো 想像する। ত্রিশ বছর পর কী করছি তা কল্পনা করতে বলা হয়েছে।
7ff32710bf2243e0|বারবার বলতে থাকা|繰り返す পুনরাবৃত্তি করা। একই গল্পের ক্ষেত্রে 言い続ける, বলে চলা, দেওয়া বিকল্পে সবচেয়ে কাছাকাছি অর্থ।
b30380f17b8c5e2b|বন্ধ বা ছেড়ে দেওয়ার চেষ্টা করেনি|あきらめない হার মেনে চেষ্টা না ছেড়ে দেওয়া। ব্যর্থতার পরও やめようとしなかった একই দৃঢ়তা বোঝায়।
3829c51cb22e9ca8|ভয়ঙ্কর|恐ろしい এবং 怖い দুটোই ভয় সৃষ্টি করে এমন অভিজ্ঞতা বোঝায়। তাই こわい সবচেয়ে কাছাকাছি অর্থ।
ebd57aafea4dde22|গুছিয়েছিলাম|整理する জিনিস নিয়ম অনুযায়ী সাজানো। নথি গুছানোর ক্ষেত্রে 片付ける একই কাজের কাছাকাছি বর্ণনা।
586f111430676931|এই পাশ|手前 কোনো জায়গার আগে বা বক্তার দিকের পাশ। দোকানের আগেই ব্যাংক আছে বলে こちら側 সঠিক দিক বোঝায়।
e1f549122b2c7b2a|বাসটি সিটি হল হয়ে স্টেশনে যায়|経由 মাঝের একটি জায়গা হয়ে গন্তব্যে যাওয়া বোঝায়। 市役所を経由して駅へ向かう সঠিক রুট-বর্ণনা।
d75c6d309654bd49|চাকরির খোঁজে সিনিয়রের কোম্পানি দেখতে গিয়েছি|訪問 নির্দিষ্ট ব্যক্তি বা প্রতিষ্ঠানে উদ্দেশ্য নিয়ে যাওয়া। চাকরির প্রয়োজনে কোম্পানিতে যাওয়ার প্রসঙ্গে শব্দটির ব্যবহার সঠিক।
883604b60c5384f9|জাহাজ পানির ওপর মসৃণভাবে এগিয়েছে|滑る পিছলে বা মসৃণভাবে চলা। 滑るように এখানে জাহাজের মসৃণ গতির উপমা, যা শব্দটির গ্রহণযোগ্য প্রয়োগ।
8bbb55883fce1270|দেশে ফেরা বন্ধুকে বিমানবন্দর পর্যন্ত বিদায় দিয়েছি|見送る চলে যাওয়া কাউকে বিদায় দিতে সঙ্গে যাওয়া। আগত বন্ধুকে নিতে যাওয়া 迎える; এখানে ফিরে যাচ্ছেন বলে 見送る ঠিক।
fd956eead5e7cab2|বিশ্ববিদ্যালয় প্রতিবছর বিদেশি শিক্ষার্থী গ্রহণ করে|受け入れる বাইরে থেকে আসা মানুষ বা প্রস্তাব গ্রহণ করা। 留学生を受け入れる শিক্ষার্থী ভর্তি বা গ্রহণের স্বাভাবিক ব্যবহার।
200c2d9d5e521cf3|অর্ডার|ফোনে টিকিট কেনার অনুরোধ করা হলো 注文する। আগে অর্ডার করা টিকিট অবশেষে হাতে এসেছে বলে 注文 ঠিক।
a90a1f92bf974051|প্রকাশিত বা দেখানো আছে|মানচিত্র, বই বা সংবাদে কিছু থাকাকে 載る বলে। ছোট গ্রাম কোনো মানচিত্রে নেই—この地図に載っていない।
65fab4c33b7d3b66|পিছিয়ে দিয়ে|締め切りを延ばす সময়সীমা বাড়ানো। শিক্ষকের অনুমতিতে জমা দেওয়ার শেষ দিন এক দিন পিছিয়েছে, তাই のばして।
01055f1f4d0571fd|মডেল বা ধরন|最新型 মানে সর্বশেষ মডেল। নতুন ধরনের মোবাইল ছাড়ার বর্ণনায় 型 সঠিক।
6bb53b3e059306db|নেড়ে|手を振る হাত নেড়ে বিদায় জানানো। গাড়ি চোখের বাইরে যাওয়া পর্যন্ত নাতিদের বিদায় দেওয়ার প্রসঙ্গে ふって ঠিক।
b6e1e6a1b7212c84|পণ্যের মূল্য|代金 পণ্য বা সেবার জন্য প্রদেয় দাম। ব্যাংকে এক সপ্তাহের মধ্যে পণ্যের দাম দেওয়ার নির্দেশে শব্দটি মানায়।
32e3378458f7d96c|সঙ্গে সঙ্গে|さっそく কোনো খবর বা সুযোগ পাওয়ার পর দেরি না করে কাজ করা। বন্ধুর বলা পিজার দোকানে দ্রুত খেতে যাওয়া বোঝাচ্ছে।
a060724b2afbf940|আরও বেশি|ますます আগের তুলনায় ক্রমে আরও মাত্রা বাড়া বোঝায়। বিশ্ববিদ্যালয়ে ঢোকার পরে অন্য সংস্কৃতিতে আগ্রহ আরও প্রবল হয়েছে।
c9bb78a588b98f22|সাক্ষাৎকার|খেলোয়াড়ের কথা জেনে প্রতিবেদন লেখার জন্য インタビューをする হয়। সাক্ষাৎকার নিয়ে নিবন্ধ লেখার কাজটির নাম インタビュー।
7d0474779e4de21f|দায়িত্ব নিয়ে|責任を取る নিজের দায়িত্ব স্বীকার করে ফল গ্রহণ করা। দুর্ঘটনার দায়িত্ব নিয়ে প্রধান পদ ছাড়েন—এই শব্দজোড়া সঠিক।
d56f0c056719ee45|অসাবধানতাবশত|うっかり অসাবধান হয়ে অনিচ্ছাকৃত ভুল করা। ভুলে ফোন টয়লেটে পড়ে যাওয়ার পরিস্থিতিতে মানায়।
83eeb738a56389e9|সহজ|楽な仕事 কম কষ্টের বা সহজ কাজ। এই কাজের প্রসঙ্গে かんたんな সবচেয়ে কাছাকাছি বর্ণনা।
b977a61f8627f29f|শান্তভাবে|そっと শব্দ বা বিঘ্ন কম করে কাজ করা। চলমান সভায় ঢোকার ক্ষেত্রে 静かに, শান্তভাবে, একই নির্দেশ।
e5c389c00617914e|অবশ্যই|ぜったいに নিশ্চিতভাবে বোঝায়। কাউকে আসবে বলার এই প্রসঙ্গে かならず একই দৃঢ় প্রত্যাশা প্রকাশ করে।
0cdd07d2c742f996|স্বাভাবিক বা অবশ্যই হওয়ার মতো|当たり前 পরিস্থিতিতে যা স্বাভাবিক বা প্রত্যাশিত। খারাপ আচরণে রাগ হওয়াকে 当然 বলা একই মূল্যায়ন।
f20ee45e910fa999|পছন্দের|気に入っている কোনো কিছুকে ভালো লাগা। গানের ক্ষেত্রে 好きな পছন্দের গান বোঝায়।
649aa5fb301bdfcc|গেম খেলতে গিয়ে কাজের কথা ভুলেছি|用事 করতে হবে এমন কাজ বা প্রয়োজন। কোনো প্রয়োজনীয় কাজ ভুলে যাওয়ার প্রসঙ্গে 用事 সঠিক।
77ea6759a4982d6f|বক্তৃতা প্রতিযোগিতার অংশগ্রহণকারী আহ্বান করছি|募集 প্রয়োজনীয় লোক বা আবেদনকারী চাওয়া। 大会の参加者を募集する অংশগ্রহণকারী আহ্বানের স্বাভাবিক ব্যবহার।
53c72e539e418387|টিভিতে সাক্ষাৎকার দিতে গিয়ে নার্ভাস হয়েছি|緊張 গুরুত্বপূর্ণ বা অপরিচিত পরিস্থিতিতে মানসিক চাপ বা নার্ভাস হওয়া। সাক্ষাৎকারের সময়ে এই প্রতিক্রিয়া স্বাভাবিক।
c3f772f2f8f3491b|বদমেজাজি স্বভাবের মানুষ এই কাজে কম মানানসই|性格 ব্যক্তির স্থায়ী স্বভাব। 短気 দ্রুত রেগে যাওয়া; মানুষের কাজের উপযুক্ততা বর্ণনায় স্বভাবের এই প্রয়োগ মানায়।
1214cb80d85cbd86|প্যান্ট ঢিলা বলে বেল্ট শক্ত করেছি|ゆるい ঢিলা বা ঠিকমতো আঁটসাঁট নয় বোঝায়। প্যান্টের মাপে ঢিলাভাব বোঝানোর ব্যবহার সঠিক।
6943dc987deb5b4a|দীর্ঘদিন যোগাযোগ হয়নি|ごぶさたしております বহুদিন দেখা বা যোগাযোগ না হওয়ার ভদ্র কথা। দীর্ঘ বিরতির পর কুশল জানতে এই শব্দজোড়া হয়।
ff765bce99fbcc29|দুর্ঘটনায় পড়ে|事故に遭う দুর্ঘটনার শিকার হওয়া। ভাই দুর্ঘটনায় পড়ে হাসপাতালে ভর্তি হয়েছেন বলে あって বসবে।
b1f87341bcb39ad5|ক্যালরি|ওজনের প্রসঙ্গে খাবারের শক্তির পরিমাণ カロリー দিয়ে বলা হয়। カロリーの高くない食事 কম ক্যালরির খাবার বোঝায়।
022cc0c3d189ce57|আবেগে আপ্লুত হওয়া|感動する কোনো গল্প বা ঘটনার দ্বারা গভীরভাবে অনুভূত হওয়া। গল্প শুনে কেঁদে ফেলার আবেগ প্রকাশে 感動 সঠিক।
7efae538a0554555|শান্ত বা চুপচাপ স্বভাবের|おとなしい কম কথা বলা ও শান্ত স্বভাব বোঝায়। নিজের মনে থাকা কথা কম প্রকাশ করা শিশুর বর্ণনায় মানায়।
f1aaecadbb8921fa|বদলে|乗り換える এক যান বা লাইন থেকে অন্যটিতে ওঠা। 新宿で山手線に乗り換えて বিশ্ববিদ্যালয়ে যাওয়ার রুট বোঝায়।
945358a57f208ace|মিটার|দূরত্বের পরিমাপ হিসেবে メートル হয়। 五メートルおきに প্রতি পাঁচ মিটার ব্যবধানে গাছ লাগানো বোঝায়।
a37449a2c68adf64|সবসময়|常に ক্রমাগত বা সবসময় বোঝায়। পৃথিবী বিশ্রাম ছাড়া ঘুরছে—এই অবিরাম চলার বর্ণনায় ঠিক।
dad0a26582e4e36c|পণ্যের তালিকা বা ক্যাটালগ|দোকানের পণ্য, ছবি ও বিবরণসহ তালিকা カタログ। দোকান থেকে একটি ক্যাটালগ নিয়ে আসার প্রসঙ্গে শব্দটি মানায়।
f50755de4b2b4dca|ধারণা বা অনুভূতি|感じがする দেখে যে ধারণা হয় তা বোঝায়। পোশাক দেখে মার্জিত বলে মনে হওয়ায় 上品な感じがする।
253757e20caff7ef|লক্ষ্য|目標 অর্জন করতে চাওয়া ফল। জাতীয় পর্যায়ে প্রথম হওয়াকে লক্ষ্য ধরে খেলোয়াড় চেষ্টা করছেন।
962919abe36b30c0|উপড়ে ফেলা|除く এই প্রসঙ্গে আগাছা সরানো। ঘাসের জমির আগাছা 抜く, উপড়ে ফেলা, একই কাজের কাছাকাছি অর্থ।
a81002234e16c66a|ধাক্কা লেগেছে|衝突する দুই বস্তু জোরে একে অন্যকে আঘাত করা। গাড়ির ক্ষেত্রে ぶつかった একই সংঘর্ষ বোঝায়।
36145b394109e07a|কাজে যাচ্ছি|通勤 করা বাসা থেকে কর্মস্থলে যাতায়াত। 妻と一緒に仕事に行っている স্ত্রীসহ কাজে যাওয়ার একই তথ্য দেয়।
dee011d7f128ecf9|শেষ হয়ে গেছে|油が切れる সরবরাহ ফুরিয়ে যাওয়া বোঝায়। তেল なくなった, আর নেই, একই অবস্থা।
cad1fa11b411256c|একটু আগে|さっき সদ্য কিছুক্ষণ আগে বোঝায়। 少し前に একই অতীত সময় নির্দেশ করে।
0d795c5d7d9bcbea|প্রতিদিন সকালে কফি খাওয়া তাঁর নিয়ম|日課 প্রতিদিন নিয়ম করে করা কাজ। সকালে এক কাপ কফি উপভোগ করা তাঁর দৈনিক অভ্যাস—এটি শব্দটির স্বাভাবিক ব্যবহার।
79327cb89a77033b|বাইরে গেলে কোথায় যাচ্ছেন জানিয়ে রাখুন|行き先 গন্তব্য। কাজের সময়ে বাইরে যাওয়ার আগে গন্তব্য কাউকে জানানো—এই ব্যবহার ঠিক।
d0ec56132c5acd45|দোকান খেয়াল না করে সামনে দিয়ে পেরিয়ে গেছি|通り過ぎる কোনো জায়গা অতিক্রম করে চলে যাওয়া। সাইন না দেখে দোকানের সামনে দিয়ে এগিয়ে যাওয়ার প্রসঙ্গে মানায়।
49cc7584a7a79fba|একে অন্যের মুখোমুখি হওয়া এড়িয়ে চলে|顔を合わせる দেখা বা মুখোমুখি হওয়া। এখানে আক্ষরিক মুখের মাপ মেলানো নয়; এই স্থির শব্দজোড়া যথাযথ।
d7ab46fb48530bde|সিঁড়িতে পড়ে আঘাত পেয়েছি|転ぶ ভারসাম্য হারিয়ে পড়ে যাওয়া। 階段で転んでけがをした শব্দটির স্বাভাবিক ঘটনা বর্ণনা করে।
9c95669bcdb3205c|গুছিয়ে রাখুন|しまう ব্যবহারের পরে জিনিস যথাস্থানে রাখা। পরীক্ষা শুরুর আগে অভিধান ব্যাগের ভেতরে রাখতে しまってください হয়।
f4813343341eb2ed|সর্বশেষ|最新 সবচেয়ে নতুন তথ্য বা ধরন। তরুণদের বর্তমান নতুন ফ্যাশন জানতে 最新のファッション বলা হয়।
a63eb8e6c82af9d2|বেঁধে|ひもで縛る দড়ি দিয়ে বেঁধে রাখা। পুরোনো কাগজগুলো একসঙ্গে বেঁধে ফেলার প্রসঙ্গে しばって ঠিক।
eee3d8c8b29b38c7|বাতিল|予約をキャンセルする আগের বুকিং বাতিল করা। হঠাৎ অন্য কাজ পড়ায় রেস্তোরাঁর সংরক্ষণ বাতিল হয়েছে।
29edac4462f22578|মুখী|দিকের পরে 向き সেই দিকে মুখ করা বোঝায়। 東向きの部屋 মানে পূর্বমুখী ঘর।
f5f4a2f6e819d3eb|আবেগে আপ্লুত|চলচ্চিত্র দেখে গভীর আবেগ হওয়া 感動する। তার ফলে কান্না এসেছে বলে 感動して যুক্ত হয়।
a43b547beb47604c|অসাবধান হয়ে|তাড়াহুড়োয় ভুল বাসে ওঠা অনিচ্ছাকৃত ভুল। うっかり এই অসতর্কতার ধরনটি প্রকাশ করে।
1a7210ca9570b4a5|অভিবাদন|বিদায়ের সময় পরিচিত সম্ভাষণকে 挨拶 বলে। 別れの挨拶 বিদায়ী অভিবাদনের স্বাভাবিক শব্দজোড়া।
36da2f9127d57c97|জোর বা গতি|勢いよく勢い-এর সাহায্যে জোরে বা প্রবল গতিতে হওয়া বোঝায়। দরজা জোরে খুলে যাওয়ার বর্ণনায় মানায়।
a80492ae2bce1850|গুজব|সত্যতা নিশ্চিত নয় এমন প্রচলিত কথা হলো 噂। কারও সম্পর্কে অস্বাভাবিক গুজব ছড়ানোর বর্ণনায় うわさ ঠিক।
f47f0f5584608c95|স্বয়ংক্রিয়ভাবে|スイッチ না টিপেও অন্ধকার হলে নিজে চালু হয়। 自動的に এই স্বয়ংক্রিয় পদ্ধতিকে বোঝায়।
fdf447990564429e|কারণ|わけ ঘটনার কারণ বোঝায়। শিক্ষককে কারণ জানানো—এই প্রসঙ্গে 理由 একই অর্থ।
2b4c442ddce29359|জনপ্রিয় হচ্ছে|流行する অনেকের মধ্যে প্রচলিত বা জনপ্রিয় হয়ে ওঠা। ফ্যাশনের ক্ষেত্রে はやっている সবচেয়ে কাছাকাছি অর্থ।
a63ebd847df72bcb|একই অংশ|共通点 একাধিক জিনিসে মিল থাকা বৈশিষ্ট্য। 同じところ একই মিলের অংশ বোঝায়।
72962d46a8fb0983|কেড়ে নেওয়া হয়েছে|奪われる অন্যের দ্বারা কেড়ে নেওয়া। প্রতিপক্ষ বল 取った বা নিয়েছে বললে একই দখল বদলানোর ঘটনা বোঝায়।
33b4120a6dabc3e5|গায়ে মাখেন না|平気 এই প্রসঙ্গে অন্যের কথা শুনেও বিচলিত না হওয়া। 気にしない গুরুত্ব না দেওয়ার একই মনোভাব বোঝায়।
620f14c16452f128|অন্য কথা থাকায় পার্টির আমন্ত্রণ ফিরিয়েছি|断る প্রস্তাব বা আমন্ত্রণ গ্রহণ না করা। 誘いを断る আমন্ত্রণ প্রত্যাখ্যানের স্বাভাবিক শব্দজোড়া।
bbb5c7211325aa16|ওগাওয়া সৎ; কখনও মিথ্যা বলেন না|正直 সত্য কথা বলা ও সৎ হওয়া বোঝায়। মিথ্যা না বলা ব্যক্তির স্বভাব হিসেবে শব্দটি সঠিক।
4dc39948b415c07b|শুধু দশ লাখ ইয়েনে বাড়ি কেনা সম্ভব নয়|無理 বাস্তব পরিস্থিতিতে অসম্ভব বা অবাস্তব দাবি। অপ্রতুল বাজেটে বাড়ি কেনার বর্ণনায় 無理な話 হয়।
4dce8790ad47dbdd|সংস্থাটি সংস্কৃতি প্রচারের নানা কাজ করে|活動 উদ্দেশ্য নিয়ে নিয়মিত কাজকর্ম। সংস্কৃতি পরিচিত করতে ক্লাস আয়োজন তার活動-এর উপযুক্ত উদাহরণ।
c139a346c6bfd893|উপন্যাসটি দশটির বেশি ভাষায় অনুবাদ হয়েছে|翻訳 লেখা এক ভাষা থেকে আরেক ভাষায় রূপান্তর। উপন্যাস বহু ভাষায় অনূদিত হওয়ার ক্ষেত্রে শব্দটির যথাযথ ব্যবহার।
17f2a60940bc2bb6|মেজাজ|機嫌がよい মেজাজ ভালো। 機嫌よく言った ভালো মেজাজে বা আনন্দ নিয়ে কথা বলেছেন বোঝায়।
55f6d25d7397d7cf|পুনরাবৃত্তি করেছেন|繰り返す একই কথা বা কাজ আবার করা। একই ভালোবাসার বাক্য আবার বলায় 繰り返した ঠিক।
45d3b1bd2cb5addb|বড়দিন|クリスマス বছরের বিশেষ উৎসবের নাম। 一昨年のクリスマス দুই বছর আগের বড়দিনের উপহার বোঝায়।
2a8fd8cee05003fc|সবচেয়ে খারাপ|最低 সবচেয়ে নিচু বা খারাপ অবস্থার মূল্যায়ন। 最低の気分 মানে খুব খারাপ মনের অবস্থা।
6d1aece541b96c8f|গল্পগুজব|おしゃべりする আলাপ বা গল্প করতে থাকা। বিছানায় যেতে বলা হচ্ছে, গল্প না করতে おしゃべりしないで।
7b20cdc727f1e110|অধিনায়ক|দলের নেতৃত্ব দেওয়া খেলোয়াড় キャプテン। チームのキャプテン জানতে দলের অধিনায়ককে জানতে চাচ্ছে।
fcb36f1977274429|ভয়|恐怖に包まれる গভীর ভয়ের মধ্যে থাকা। চারপাশে তাকানোর উদ্বেগপূর্ণ আচরণে 恐怖 মানায়।
1ac3b84f68cd5da2|একেবারেই|さっぱり নঞর্থক ক্রিয়ার সঙ্গে সম্পূর্ণ অক্ষমতা বোঝায়। さっぱり分からない মানে একেবারেই বুঝতে পারছি না।
ffe201742cf66a0c|চাহিদা|需要 বাজারে পণ্য বা সেবার চাহিদা। 需要に合った製品 চাহিদার সঙ্গে মানানসই পণ্য বোঝায়।
40fe8f71817160e0|বক্তৃতা|スピーチ প্রকাশ্যে কিছু বলা বা বক্তৃতা। 延々とスピーチを続ける দীর্ঘ সময় ধরে বক্তৃতা চালানোর বর্ণনা।
d08dcab21d08a87d|কল্পনা|想像を絶する কল্পনার সীমা ছাড়ানো অর্থের স্থির শব্দজোড়া। অসহনীয় ব্যথার মাত্রা বোঝাতে 想像 ঠিক।
f98785ae95bb20b4|খারাপ দিক|欠点 কোনো জিনিসের দুর্বলতা বা খারাপ দিক। অভিধানের ত্রুটির ক্ষেত্রে わるいところ একই অর্থ।
33be60d7aa61f0f4|কমে গেছে|減る পরিমাণ আগের চেয়ে কম হওয়া। নদীর পানির ক্ষেত্রে 少なくなった একই পরিবর্তন বোঝায়।
11b3f7a39866d4e4|কাশি|コホン কাশির আওয়াজের অনুকরণ। 咳をする কাশি দেওয়ার স্বাভাবিক শব্দজোড়া।
619dd1f33b6c8e9b|হতাশ|がっかりする আশা পূরণ না হয়ে হতাশ হওয়া। মুখভঙ্গি হতাশ দেখানোর প্রসঙ্গে শব্দটি মানায়।
93490d424bebf3f3|খুব খুশি হয়েছিল|মাকে খুঁজে পেয়ে আনন্দের প্রতিক্রিয়া হয়েছে। うれしい সুখের অনুভূতি; অতীত ঘটনায় うれしかった।
fd0c35d7af8e95d9|গেম|ゲームばかりする শুধু গেম খেলতে থাকা। পড়তে বলার আগে এই কাজটি বারবার করা থেকে বিরত থাকতে বলা হয়েছে।
6a11711c877f0018|ধীরে ধীরে|徐々に ক্রমে বা অল্প অল্প করে অগ্রসর হওয়া বোঝায়। দুলতে থাকা পথে সাবধানে এগোনোর বর্ণনায় মানায়।
fafb1deb37c6191e|জানান|知らせる অন্যকে তথ্য দেওয়া। সবাইকে অফিসে জড়ো হতে খবর দেওয়ার নির্দেশে 知らせてください ঠিক।
d2ee33b865c76d3c|রওনা বা যাত্রা শুরু|出発 গন্তব্যের উদ্দেশে যাত্রা শুরু করা। 出発の時間 এখন রওনা হওয়ার সময় বোঝায়।
6443bd7bb83e1a37|ত্রুটি|欠陥 কোনো পরিকল্পনা বা জিনিসের মৌলিক ত্রুটি। 計画の欠陥 পরিকল্পনার দুর্বল বা ভুল দিক বোঝায়।
0747ce609ef39932|ঘনিষ্ঠ ছিলেন|親しい মানুষের মধ্যে ভালো ও ঘনিষ্ঠ সম্পর্ক। কারও সঙ্গে এত ঘনিষ্ঠ সম্পর্ক ছিল জানা যায়নি—এই প্রসঙ্গে মানায়।
3f53e63a31d71569|একটি কথাও|一言 এক কথা বা সংক্ষিপ্ত মন্তব্য। 一言も言わずに কোনো কথা না বলে কাজ করা বোঝায়।
740f5630d0334d3d|ধরে|掴む দৃঢ়ভাবে ধরে রাখা। মাথাব্যথায় দুই হাতে মাথা ধরার বর্ণনায় 掴んで হয়।
742d3413ad7ec74a|সুদর্শন|ハンサム বিশেষত পুরুষের সুন্দর চেহারার বর্ণনা। ভাইয়ের মতো সুদর্শন নয় বলতে ハンサムではない।
6dcc576e4404931c|কমানো|減らす কোনো পরিমাণ কমিয়ে দেওয়া। ストレスを減らす চাপ কমানোর স্বাভাবিক শব্দজোড়া।
42a884e6396183f2|আশা করছিলাম|望む কোনো কাঙ্ক্ষিত সুযোগ চাওয়া। 話す機会を望んでいた দীর্ঘদিন কথা বলার সুযোগ চাইছিলাম বোঝায়।
bc1a92442e1dbf34|উদ্দেশ্য|目的 কেন বা কী অর্জনের জন্য কাজ করা হচ্ছে তা বোঝায়। নিজের উদ্দেশ্য জানাতে 目的を話す হয়।
ba253edd06081257|দায়িত্ব দিতে পারি না|任せる কাউকে কাজের দায়িত্ব দেওয়া। 任せられない নঞর্থক সম্ভাব্য রূপ; আপনার ছাড়া অন্য কাউকে দায়িত্ব দেওয়া যায় না।
9234037986509cdd|পথ দেখিয়ে নিয়ে যাওয়া|ご案内いたします নিজের পথ দেখানোর কাজকে বিনয়ীভাবে বলা। অতিথিকে আসন পর্যন্ত নিয়ে যাওয়ার ক্ষেত্রে এই স্থির ভদ্র রূপ ঠিক।
d0ff2f1185888111|তালা|鍵をかける তালা লাগানো। দরজায় তালা দেওয়ার নির্দেশে かぎ শব্দটি প্রয়োজন।
cc2c2c83efa0b838|গুরুতর|重大 গুরুত্বপূর্ণ ও পরিণামে বড় প্রভাব ফেলতে পারে এমন বিষয়। 重大な過ち মানে গুরুতর ভুল; な বিশেষ্যের সঙ্গে যুক্ত করে।
c9b872924e757f81|নাচ|ダンスパーティー নাচের অনুষ্ঠান। বড়দিনের নাচের পার্টিতে আমন্ত্রণ জানাতে ダンス বসে।
b95048e66e0f221a|অভিজ্ঞতা হয়েছে|経験する কোনো ঘটনা নিজে অনুভব বা পার করে আসা। 経験したことがない মানে আগে কখনও সেই অভিজ্ঞতা হয়নি।
492ff3f745f1e74c|প্রায়ই|しばしば পুনঃপুন বা প্রায়ই ঘটার ভাব দেয়। মাঝরাতের পরও পড়ার প্রয়োজন নিয়মিত হতো বলে শব্দটি মানায়।
bd2e5d1f94d5ede3|তেমন বড়|たいした নঞর্থক বাক্যে বড় বা উল্লেখযোগ্য মাত্রা নয় বোঝায়। たいしたことじゃない মানে তেমন বড় বিষয় নয়।
20dbc7acdbc0a7c5|সুইচ|スイッチを切る যন্ত্রের সুইচ বন্ধ করা। কথার আওয়াজ হঠাৎ থামার উপমায় কেউ সুইচ বন্ধ করেছে বলে তুলনা করা হয়েছে।
ca053c45023a6562|যাচাই|確認 আগে জানা তথ্য বা অবস্থা ঠিক কি না দেখা। 安全の確認 নিরাপত্তা যাচাইয়ের স্বাভাবিক শব্দজোড়া।
db6535695cd5b058|প্রত্যাখ্যান করেছেন|断る প্রস্তাব গ্রহণ না করা। আগ্রহ নেই স্পষ্ট বলার পরে きっぱり断った দৃঢ়ভাবে প্রত্যাখ্যান বোঝায়।
dd7b1a781c858ad3|বাস্তবায়ন|実行 পরিকল্পনাকে কাজে রূপ দেওয়া। 計画を実行する পরিকল্পনা বাস্তবায়নের স্বাভাবিক শব্দজোড়া।
0986ef598f915886|জুস|ジュース পানীয়। 飲む ক্রিয়ার সঙ্গে ছেলেটির পান করার বস্তু হিসেবে জুস মানায়।
0f578292a9cd7a29|সেরে ওঠা|回復する খারাপ অবস্থা থেকে আগের ভালো অবস্থায় ফিরে আসা। 完全に回復する সম্পূর্ণ সেরে ওঠার অর্থ দেয়।
c665ca617baa37ca|জেগে উঠেছে|目を覚ます ঘুম থেকে ওঠা। চিৎকারের শব্দে সবাই জেগে যাওয়ার ঘটনায় অতীত রূপ 覚ました ঠিক।
fe68ac3a9be0a918|অবশ্যই বা আন্তরিকভাবে|ぜひ বক্তার প্রবল অনুরোধ বা আগ্রহ বোঝায়। কাউকে অংশ নিতে আন্তরিক আমন্ত্রণের জন্য ぜひ参加してください হয়।
828a70cb3eb49bde|গুছিয়ে নেওয়া|考えを整理する ছড়ানো চিন্তা যুক্তিসংগতভাবে সাজানো। সাহায্য ছাড়া চিন্তা গুছোতে পারছেন না বলে 整理する ঠিক।
e835566727fd631b|স্যুপ|スプーン দিয়ে মুখে নেওয়ার তরল খাবার হলো スープ। খাবার ও ব্যবহৃত চামচ—দুটি তথ্যের সঙ্গে শব্দটি মেলে।
